Search results from the CABI Horizon Scanning Tool <2018-05-16>,,,,,,,,,,,,,,
"Area at risk: Cayman Islands ; Source Countries: Cuba, USA/Florida, Mexico, Aldabra, Angola, Anguilla, Australia, Australia/Australian Northern Territory, Australia/Queensland, Australia/Western Australia, Bahamas, Bangladesh, Belize, Benin, Bolivia, Bonaire, Brazil, Brazil/Acre, Brazil/Amazonas, Brazil/Bahia, Brazil/Ceara, Brazil/Espirito Santo, Brazil/Fernando de Noronha, Brazil/Goias, Brazil/Maranhao, Brazil/Mato Grosso, Brazil/Mato Grosso do Sul, Brazil/Minas Gerais, Brazil/Para, Brazil/Paraiba, Brazil/Parana, Brazil/Pernambuco, Brazil/Piaui, Brazil/Rio de Janeiro, Brazil/Rio Grande do Norte, Brazil/Rondonia, Brazil/Roraima, Brazil/Sao Paulo, Brazil/Tocantins, British Virgin Islands, Burkina Faso, Burundi, Cambodia, Cameroon, Central African Republic, Chad, China, China/Guangdong, China/Hainan, Christmas Island (Indian Ocean), Cocos Islands, Colombia, Congo, Congo Democratic Republic, Costa Rica, Côte d'Ivoire, Cuba, Curaçao, Dominican Republic, East Timor, Ecuador, Ecuador/Galapagos Islands, El Salvador, Equatorial Guinea, Eritrea, Ethiopia, Gabon, Gambia, Ghana, Grenada, Grenada/Carriacou, Guatemala, Guinea, Guinea-Bissau, Guyana, Haiti, Honduras, India, India/Andhra Pradesh, India/Chhattisgarh, India/Dadra and Nagar Haveli, India/Daman, India/Diu, India/Goa, India/Gujarat, India/Indian Punjab, India/Jharkhand, India/Karnataka, India/Kerala, India/Madhya Pradesh, India/Maharashtra, India/Odisha, India/Puducherry, India/Rajasthan, India/Tamil Nadu, India/Tripura, India/West Bengal, Indonesia, Indonesia/Irian Jaya, Indonesia/Java, Indonesia/Moluccas, Indonesia/Nusa Tenggara, Indonesia/Sulawesi, Jamaica, Japan/Bonin Island, Japan/Ryukyu Archipelago, Kenya, Laos, Liberia, Madagascar, Malawi, Mali, Mexico, Midway Islands, Mozambique, Myanmar, Netherlands Antilles, New Caledonia, Nicaragua, Niger, Nigeria, Panama, Papua New Guinea, Paraguay, Peru, Philippines, Puerto Rico, Rwanda, Senegal, Sierra Leone, Sint Maarten, South Africa, Sudan, Swaziland, Taiwan, Tanzania, Thailand, Togo, Trinidad and Tobago, Turks and Caicos Islands, Uganda, US Minor Outlying Islands, USA, USA/Florida, Venezuela, Vietnam, Wake Island, Zambia, Zimbabwe ; Pathways: N/A (Including datasheets with no pathways data) ; Plant hosts: N/A ; Plant parts in trade: N/A  (Including datasheets with no plant part in trade data) ; Habitats: N/A  (Including datasheets with no habitats data) ; Taxonomic group: Vertebrates",,,,,,,,,,,,,,
"Citation: <CABI, <2018>. Horizon Scanning Tool. Crop Protection Compendium. Wallingford, UK: CAB International. https://www.cabi.org/cpc.>",,,,,,,,,,,,,,
For terms and conditions see: https://www.cabi.org/terms-and-conditions/,,,,,,,,,,,,,,
,,,,,,,,,,,,,,
Preferred scientific name,International common name,Taxonomic group,Compendia content,Datasheet Type,Domain,Kingdom,Phylum,Class,Order,Family,Habitats,Plant parts in trade,Pathways,Datasheet URL(s)
Abbottina rivularis,Chinese false gudgeon,Vertebrates,ISC (Full),Invasive Species,Eukaryota,Metazoa,Chordata,Actinopterygii,Cypriniformes,Cyprinidae,,no data,,https://www.cabi.org/isc/datasheet/110570
Acanthogobius flavimanus,,Vertebrates,ISC (Full),Invasive Species,Eukaryota,Metazoa,Chordata,Actinopterygii,Perciformes,Gobiidae,,no data,,https://www.cabi.org/isc/datasheet/95431
Acanthurus sohal,Red Sea surgeonfish,Vertebrates,ISC (Basic),Invasive Species,Eukaryota,Metazoa,Chordata,Actinopterygii,Perciformes,Acanthuridae,no data,no data,no data,https://www.cabi.org/isc/datasheet/111991
Acentrogobius pflaumii,,Vertebrates,ISC (Full),Invasive Species,Eukaryota,Metazoa,Chordata,Actinopterygii,Perciformes,Gobiidae,,no data,,https://www.cabi.org/isc/datasheet/107779
Acridotheres fuscus,jungle myna,Vertebrates,ISC (Full),Invasive Species,Eukaryota,Metazoa,Chordata,Aves,Passeriformes,Sturnidae,,no data,no data,https://www.cabi.org/isc/datasheet/95671
Acridotheres tristis,common myna,Vertebrates,"CPC (Full) , ISC (Full)","Invasive Species,Vector of Plant Pest,Natural Enemy,Host Animal",Eukaryota,Metazoa,Chordata,Aves,Passeriformes,Sturnidae,,no data,,https://www.cabi.org/cpc/datasheet/2994; https://www.cabi.org/isc/datasheet/2994
Acrochordus javanicus,Javan Filesnake,Vertebrates,ISC (Basic),Invasive Species,Eukaryota,Metazoa,Chordata,Reptilia,Serpentes,Acrochordidae,no data,no data,no data,https://www.cabi.org/isc/datasheet/112031
Aequidens pulcher,blue acara,Vertebrates,ISC (Basic),Invasive Species,Eukaryota,Metazoa,Chordata,Actinopterygii,Perciformes,Cichlidae,no data,no data,no data,https://www.cabi.org/isc/datasheet/112048
Agamyxis pectinifrons,spotted rafael catfish,Vertebrates,ISC (Basic),Invasive Species,Eukaryota,Metazoa,Chordata,Aves,Psittaciformes,Psittacidae,no data,no data,no data,https://www.cabi.org/isc/datasheet/112054
Alopochen aegyptiaca,Egyptian goose,Vertebrates,ISC (Full),Invasive Species,Eukaryota,Metazoa,Chordata,Aves,Anseriformes,Anatidae,,no data,no data,https://www.cabi.org/isc/datasheet/94205
Alosa aestivalis,blueback herring,Vertebrates,ISC (Full),"Invasive Species,Host Animal",Eukaryota,Metazoa,Chordata,Actinopterygii,Clupeiformes,Clupeidae,,no data,,https://www.cabi.org/isc/datasheet/94209
Alosa pseudoharengus,alewife,Vertebrates,"CPC (Full) , ISC (Full)","Invasive Species,Natural Enemy,Host Animal",Eukaryota,Metazoa,Chordata,Actinopterygii,Clupeiformes,Clupeidae,,no data,no data,https://www.cabi.org/cpc/datasheet/94217; https://www.cabi.org/isc/datasheet/94217
Amatitlania nigrofasciata,convict cichlid,Vertebrates,ISC (Full),Invasive Species,Eukaryota,Metazoa,Chordata,Actinopterygii,Perciformes,Cichlidae,,no data,,https://www.cabi.org/isc/datasheet/112202
Ambloplites rupestris,rock bass,Vertebrates,"CPC (Full) , ISC (Full)","Invasive Species,Natural Enemy,Host Animal",Eukaryota,Metazoa,Chordata,Actinopterygii,Perciformes,Centrarchidae,,no data,,https://www.cabi.org/cpc/datasheet/94435; https://www.cabi.org/isc/datasheet/94435
Ameiurus melas,black bullhead,Vertebrates,ISC (Full),"Invasive Species,Host Animal",Eukaryota,Metazoa,Chordata,Actinopterygii,Siluriformes,Ictaluridae,,no data,,https://www.cabi.org/isc/datasheet/94466
Ameiurus natalis,,Vertebrates,ISC (Full),Invasive Species,Eukaryota,Metazoa,Chordata,Actinopterygii,Siluriformes,Ictaluridae,,no data,,https://www.cabi.org/isc/datasheet/94467
Ameiurus nebulosus,brown bullhead,Vertebrates,"CPC (Full) , ISC (Full)","Invasive Species,Natural Enemy,Host Animal",Eukaryota,Metazoa,Chordata,Actinopterygii,Siluriformes,Ictaluridae,,no data,,https://www.cabi.org/cpc/datasheet/94468; https://www.cabi.org/isc/datasheet/94468
Ammotragus lervia,aoudad,Vertebrates,ISC (Full),"Invasive Species,Host Animal",Eukaryota,Metazoa,Chordata,Mammalia,Artiodactyla,Bovidae,,no data,,https://www.cabi.org/isc/datasheet/94507
Amphiprion,,Vertebrates,ISC (Full),Invasive Species,Eukaryota,Metazoa,Chordata,Actinopterygii,Perciformes,Pomacentridae,,no data,no data,https://www.cabi.org/isc/datasheet/104901
Amphisbaena fuliginosa,speckled worm lizard,Vertebrates,ISC (Full),Documented Species,Eukaryota,Metazoa,Chordata,Reptilia,Squamata,Amphisbaenidae,,no data,no data,https://www.cabi.org/isc/datasheet/119363
Anchoa mundeoloides,northern Gulf anchovy,Vertebrates,ISC (Basic),Invasive Species,Eukaryota,Metazoa,Chordata,Actinopterygii,Clupeiformes,Engraulidae,no data,no data,no data,https://www.cabi.org/isc/datasheet/112249
Anolis aeneus,bronze anole,Vertebrates,ISC (Full),Invasive Species,Eukaryota,Metazoa,Chordata,Reptilia,Sauria,Iguanidae,,no data,,https://www.cabi.org/isc/datasheet/5489
Anolis cristatellus,Puerto Rican crested anole,Vertebrates,ISC (Full),Invasive Species,Eukaryota,Metazoa,Chordata,Reptilia,Sauria,Iguanidae,,no data,,https://www.cabi.org/isc/datasheet/93810
Anolis extremus,Barbados anole,Vertebrates,ISC (Full),Invasive Species,Eukaryota,Metazoa,Chordata,Reptilia,Sauria,Iguanidae,,no data,,https://www.cabi.org/isc/datasheet/112276
Anolis lineatus,,Vertebrates,ISC (Basic),Invasive Species,Eukaryota,Metazoa,Chordata,Reptilia,Sauria,Iguanidae,no data,no data,no data,https://www.cabi.org/isc/datasheet/112279
Anolis porcatus,,Vertebrates,ISC (Basic),Invasive Species,Eukaryota,Metazoa,Chordata,Reptilia,Sauria,Iguanidae,no data,no data,no data,https://www.cabi.org/isc/datasheet/112281
Anolis trinitatis,St Vincent bush anole,Vertebrates,ISC (Full),Invasive Species,Eukaryota,Metazoa,Chordata,Reptilia,Sauria,Iguanidae,,no data,,https://www.cabi.org/isc/datasheet/93831
Anolis wattsi,Watts' anole,Vertebrates,ISC (Full),Invasive Species,Eukaryota,Metazoa,Chordata,Reptilia,Sauria,Iguanidae,,no data,,https://www.cabi.org/isc/datasheet/112283
Anser indicus,bar-headed goose,Vertebrates,ISC (Full),"Invasive Species,Host Animal",Eukaryota,Metazoa,Chordata,Aves,Anseriformes,Anatidae,,no data,no data,https://www.cabi.org/isc/datasheet/94089
Aphyocharax anisitsi,bloodfin tetra,Vertebrates,ISC (Basic),Invasive Species,Eukaryota,Metazoa,Chordata,Actinopterygii,Characiformes,Characidae,no data,no data,no data,https://www.cabi.org/isc/datasheet/112348
Aplocheilus lineatus,striped panchax,Vertebrates,ISC (Basic),Invasive Species,Eukaryota,Metazoa,Chordata,Actinopterygii,Cyprinodontiformes,Aplocheilidae,no data,no data,no data,https://www.cabi.org/isc/datasheet/112353
Apolemichthys xanthopunctatus,goldspotted angelfish,Vertebrates,ISC (Basic),Invasive Species,Eukaryota,Metazoa,Chordata,Actinopterygii,Perciformes,Pomacanthidae,no data,no data,no data,https://www.cabi.org/isc/datasheet/112360
Aquila chrysaetos,Golden eagle,Vertebrates,"CPC (Full) , ISC (Full)","Documented Species,Natural Enemy,Host Animal",Eukaryota,Metazoa,Chordata,Aves,Falconiformes,Accipitridae,,no data,no data,https://www.cabi.org/cpc/datasheet/93340; https://www.cabi.org/isc/datasheet/93340
Arenaria serpyllifolia,thymeleaf sandwort,Vertebrates,ISC (Basic),Invasive Species,Eukaryota,Metazoa,Chordata,Aves,Charadriiformes,Scolopacidae,no data,no data,no data,https://www.cabi.org/isc/datasheet/112404
Aristichthys nobilis,bighead carp,Vertebrates,ISC (Full),"Invasive Species,Host Animal",Eukaryota,Metazoa,Chordata,Actinopterygii,Cypriniformes,Cyprinidae,no data,no data,no data,https://www.cabi.org/isc/datasheet/92426
Arothron diadematus,masked pufferfish,Vertebrates,ISC (Basic),Invasive Species,Eukaryota,Metazoa,Chordata,Actinopterygii,Tetraodontiformes,Tetraodontidae,no data,no data,no data,https://www.cabi.org/isc/datasheet/112436
Aspius aspius,asp,Vertebrates,"CPC (Full) , ISC (Full)","Invasive Species,Natural Enemy",Eukaryota,Metazoa,Chordata,Actinopterygii,Cypriniformes,Cyprinidae,,no data,,https://www.cabi.org/cpc/datasheet/92623; https://www.cabi.org/isc/datasheet/92623
Astatoreochromis alluaudi,Alluaud's haplo,Vertebrates,ISC (Full),Invasive Species,Eukaryota,Metazoa,Chordata,Actinopterygii,Perciformes,Cichlidae,,no data,no data,https://www.cabi.org/isc/datasheet/120150
Astronotus ocellatus,oscar,Vertebrates,ISC (Full),Invasive Species,Eukaryota,Metazoa,Chordata,Actinopterygii,Perciformes,Cichlidae,,no data,,https://www.cabi.org/isc/datasheet/92671
Axis axis,Indian spotted deer,Vertebrates,ISC (Full),"Invasive Species,Host Animal",Eukaryota,Metazoa,Chordata,Mammalia,Artiodactyla,Cervidae,,no data,no data,https://www.cabi.org/isc/datasheet/89941
Balistoides conspicillum,clown triggerfish,Vertebrates,ISC (Basic),Invasive Species,Eukaryota,Metazoa,Chordata,Actinopterygii,Tetraodontiformes,Balistidae,no data,no data,no data,https://www.cabi.org/isc/datasheet/112650
Bandicota indica,greater bandicoot rat,Vertebrates,"CPC (Full) , ISC (Basic)","Pest,Natural Enemy",Eukaryota,Metazoa,Chordata,Mammalia,Rodentia,Muridae,no data,no data,no data,https://www.cabi.org/cpc/datasheet/8439
Belonesox belizanus,pike killifish,Vertebrates,ISC (Full),Invasive Species,Eukaryota,Metazoa,Chordata,Actinopterygii,Cyprinodontiformes,Poeciliidae,,no data,,https://www.cabi.org/isc/datasheet/91274
Boa imperator,Central American Boa,Vertebrates,ISC (Full),Invasive Species,Eukaryota,Metazoa,Chordata,Reptilia,Serpentes,Boidae,,no data,,https://www.cabi.org/isc/datasheet/112730
Boiga irregularis,brown tree snake,Vertebrates,"CPC (Full) , ISC (Full)","Invasive Species,Natural Enemy",Eukaryota,Metazoa,Chordata,Reptilia,Serpentes,Colubridae,,no data,,https://www.cabi.org/cpc/datasheet/91542; https://www.cabi.org/isc/datasheet/91542
Bos bison,American bison,Vertebrates,ISC (Full),"Invasive Species,Threatened Species,Host Animal",Eukaryota,Metazoa,Chordata,Mammalia,Artiodactyla,Bovidae,,no data,no data,https://www.cabi.org/isc/datasheet/91401
Bos taurus,cattle,Vertebrates,ISC (Full),"Invasive Species,Host Animal",Eukaryota,Metazoa,Chordata,Mammalia,Artiodactyla,Bovidae,,no data,no data,https://www.cabi.org/isc/datasheet/91651
Branta hutchinsii,,Vertebrates,ISC (Full),Invasive Species,Eukaryota,Metazoa,Chordata,Aves,Anseriformes,Anatidae,,no data,no data,https://www.cabi.org/isc/datasheet/109129
Bubalus bubalis,Asian water buffalo,Vertebrates,ISC (Full),"Invasive Species,Host Animal",Eukaryota,Metazoa,Chordata,Mammalia,Artiodactyla,Bovidae,,no data,no data,https://www.cabi.org/isc/datasheet/90762
Bubulcus ibis,cattle egret,Vertebrates,"CPC (Full) , ISC (Full)","Invasive Species,Threatened Species,Natural Enemy,Host Animal",Eukaryota,Metazoa,Chordata,Aves,Ciconiiformes,Ardeidae,,no data,no data,https://www.cabi.org/cpc/datasheet/90783; https://www.cabi.org/isc/datasheet/90783
Bufo blombergi,Columbian giant toad,Vertebrates,ISC (Basic),Invasive Species,Eukaryota,Metazoa,Chordata,Amphibia,Anura,Bufonidae,no data,no data,no data,https://www.cabi.org/isc/datasheet/112835
Callichthys callichthys,cascarudo,Vertebrates,ISC (Basic),Invasive Species,Eukaryota,Metazoa,Chordata,Actinopterygii,Siluriformes,Callichthyidae,no data,no data,no data,https://www.cabi.org/isc/datasheet/112880
Callosciurus erythraeus,Pallas's squirrel,Vertebrates,ISC (Full),"Invasive Species,Host Animal",Eukaryota,Metazoa,Chordata,Mammalia,Rodentia,Sciuridae,,no data,no data,https://www.cabi.org/isc/datasheet/91200
Callosciurus finlaysonii,Finlayson's squirrel,Vertebrates,ISC (Full),"Invasive Species,Host Animal",Eukaryota,Metazoa,Chordata,Mammalia,Rodentia,Sciuridae,,no data,,https://www.cabi.org/isc/datasheet/91203
Callosciurus notatus,plantain squirrel,Vertebrates,"CPC (Full) , ISC (Basic)","Pest,Natural Enemy",Eukaryota,Metazoa,Chordata,Mammalia,Rodentia,Sciuridae,no data,no data,no data,https://www.cabi.org/cpc/datasheet/10812
Camelus dromedarius,dromedary camel,Vertebrates,ISC (Full),"Invasive Species,Host Animal",Eukaryota,Metazoa,Chordata,Mammalia,Artiodactyla,Camelidae,no data,no data,no data,https://www.cabi.org/isc/datasheet/90205
Canis latrans,Coyote,Vertebrates,"CPC (Full) , ISC (Full)","Invasive Species,Natural Enemy,Host Animal",Eukaryota,Metazoa,Chordata,Mammalia,Carnivora,Canidae,,no data,no data,https://www.cabi.org/cpc/datasheet/90296; https://www.cabi.org/isc/datasheet/90296
Capra hircus,goats,Vertebrates,"CPC (Full) , ISC (Full)","Invasive Species,Natural Enemy,Host Animal",Eukaryota,Metazoa,Chordata,Mammalia,Artiodactyla,Bovidae,,no data,no data,https://www.cabi.org/cpc/datasheet/90416; https://www.cabi.org/isc/datasheet/90416
Carassius auratus auratus,goldfish,Vertebrates,"CPC (Full) , ISC (Full)","Invasive Species,Natural Enemy,Host Animal",Eukaryota,Metazoa,Chordata,Actinopterygii,Cypriniformes,Cyprinidae,,no data,no data,https://www.cabi.org/cpc/datasheet/90563; https://www.cabi.org/isc/datasheet/90563
Carassius cuvieri,Japanese crucian carp,Vertebrates,ISC (Full),"Invasive Species,Host Animal",Eukaryota,Metazoa,Chordata,Actinopterygii,Cypriniformes,Cyprinidae,,no data,,https://www.cabi.org/isc/datasheet/90565
Carassius gibelio,Prussian carp,Vertebrates,"CPC (Full) , ISC (Full)","Invasive Species,Natural Enemy,Host Animal",Eukaryota,Metazoa,Chordata,Actinopterygii,Cypriniformes,Cyprinidae,,no data,,https://www.cabi.org/cpc/datasheet/90562; https://www.cabi.org/isc/datasheet/90562
Carpodacus mexicanus,house finch,Vertebrates,ISC (Full),"Invasive Species,Host Animal",Eukaryota,Metazoa,Chordata,Aves,Passeriformes,Fringillidae,,no data,no data,https://www.cabi.org/isc/datasheet/90438
Castor canadensis,beaver,Vertebrates,"CPC (Full) , ISC (Full)","Invasive Species,Natural Enemy,Host Animal",Eukaryota,Metazoa,Chordata,Mammalia,Rodentia,Castoridae,,no data,no data,https://www.cabi.org/cpc/datasheet/90583; https://www.cabi.org/isc/datasheet/90583
Centropyge flavissima,lemonpeel angel,Vertebrates,ISC (Basic),Invasive Species,Eukaryota,Metazoa,Chordata,Actinopterygii,Perciformes,Pomacanthidae,no data,no data,no data,https://www.cabi.org/isc/datasheet/113096
Cephalopholis urodeta,darkfin hind,Vertebrates,ISC (Basic),Invasive Species,Eukaryota,Metazoa,Chordata,Actinopterygii,Perciformes,Serranidae,no data,no data,no data,https://www.cabi.org/isc/datasheet/113105
Cervus canadensis,wapiti,Vertebrates,ISC (Full),"Invasive Species,Host Animal",Eukaryota,Metazoa,Chordata,Mammalia,Artiodactyla,Cervidae,,no data,no data,https://www.cabi.org/isc/datasheet/119059
Cervus elaphus,red deer,Vertebrates,ISC (Full),"Invasive Species,Threatened Species,Host Animal",Eukaryota,Metazoa,Chordata,Mammalia,Artiodactyla,Cervidae,,no data,no data,https://www.cabi.org/isc/datasheet/89943
Cervus nippon,sika,Vertebrates,ISC (Full),"Invasive Species,Host Animal",Eukaryota,Metazoa,Chordata,Mammalia,Artiodactyla,Cervidae,,no data,no data,https://www.cabi.org/isc/datasheet/89944
Cervus timorensis russa,,Vertebrates,ISC (Basic),Invasive Species,Eukaryota,Metazoa,Chordata,Mammalia,Artiodactyla,Cervidae,no data,no data,no data,https://www.cabi.org/isc/datasheet/113152
Cettia diphone,Japanese bush-warbler,Vertebrates,ISC (Full),Invasive Species,Eukaryota,Metazoa,Chordata,Aves,Passeriformes,Sylviidae,,no data,no data,https://www.cabi.org/isc/datasheet/89968
Chaetodontoplus mesoleucus,vermiculated angelfish,Vertebrates,ISC (Basic),Invasive Species,Eukaryota,Metazoa,Chordata,Actinopterygii,Perciformes,Pomacanthidae,no data,no data,no data,https://www.cabi.org/isc/datasheet/113168
Chamaeleo jacksonii,,Vertebrates,ISC (Basic),Invasive Species,Eukaryota,Metazoa,Chordata,Reptilia,Sauria,Chamaeleonidae,no data,no data,no data,https://www.cabi.org/isc/datasheet/113183
Channa argus argus,northern snakehead,Vertebrates,"CPC (Full) , ISC (Full)","Invasive Species,Natural Enemy,Host Animal",Eukaryota,Metazoa,Chordata,Actinopterygii,Perciformes,Channidae,,no data,,https://www.cabi.org/cpc/datasheet/89026; https://www.cabi.org/isc/datasheet/89026
Channa marulius,bullseye snakehead,Vertebrates,ISC (Full),Invasive Species,Eukaryota,Metazoa,Chordata,Actinopterygii,Perciformes,Channidae,,no data,,https://www.cabi.org/isc/datasheet/109134
Channa micropeltes,Indonesian snakehead,Vertebrates,"CPC (Full) , ISC (Full)","Documented Species,Natural Enemy",Eukaryota,Metazoa,Chordata,Actinopterygii,Perciformes,Channidae,,no data,no data,https://www.cabi.org/cpc/datasheet/88948; https://www.cabi.org/isc/datasheet/88948
Chelus fimbriatus,,Vertebrates,ISC (Basic),Invasive Species,Eukaryota,Metazoa,Chordata,Reptilia,Testudines,Chelidae,no data,no data,no data,https://www.cabi.org/isc/datasheet/113209
Chiloscyllium punctatum,brownbanded bambooshark,Vertebrates,ISC (Basic),Invasive Species,Eukaryota,Metazoa,Chordata,Elasmobranchii,Orectolobiformes,Hemiscylliidae,no data,no data,no data,https://www.cabi.org/isc/datasheet/113246
Chinemys reevesii,Reeve's turtle,Vertebrates,"CPC (Full) , ISC (Full)","Documented Species,Natural Enemy,Host Animal",Eukaryota,Metazoa,Chordata,Reptilia,Testudines,Emydidae,no data,no data,no data,https://www.cabi.org/cpc/datasheet/88887; https://www.cabi.org/isc/datasheet/88887
Chitala ornata,clown knife,Vertebrates,ISC (Basic),Invasive Species,Eukaryota,Metazoa,Chordata,Actinopterygii,Osteoglossiformes,Notopteridae,no data,no data,no data,https://www.cabi.org/isc/datasheet/113256
Chrysemys picta,painted turtle,Vertebrates,ISC (Full),Invasive Species,Eukaryota,Metazoa,Chordata,Reptilia,Testudines,Emydidae,,no data,no data,https://www.cabi.org/isc/datasheet/88367
Cichla ocellaris,peacock cichlid,Vertebrates,"CPC (Full) , ISC (Full)","Invasive Species,Natural Enemy",Eukaryota,Metazoa,Chordata,Actinopterygii,Perciformes,Cichlidae,,no data,,https://www.cabi.org/cpc/datasheet/88437; https://www.cabi.org/isc/datasheet/88437
Cichla temensis,,Vertebrates,ISC (Basic),Invasive Species,Eukaryota,Metazoa,Chordata,Actinopterygii,Perciformes,Cichlidae,no data,no data,no data,https://www.cabi.org/isc/datasheet/113303
Cichlasoma bimaculatum,,Vertebrates,ISC (Basic),Invasive Species,Eukaryota,Metazoa,Chordata,Actinopterygii,Perciformes,Cichlidae,no data,no data,no data,https://www.cabi.org/isc/datasheet/113304
Cichlasoma citrinellum,,Vertebrates,ISC (Basic),Invasive Species,Eukaryota,Metazoa,Chordata,Actinopterygii,Perciformes,Cichlidae,no data,no data,no data,https://www.cabi.org/isc/datasheet/113305
Cichlasoma labiatum,,Vertebrates,ISC (Basic),Invasive Species,Eukaryota,Metazoa,Chordata,Actinopterygii,Perciformes,Cichlidae,no data,no data,no data,https://www.cabi.org/isc/datasheet/113306
Cichlasoma nicaraguensis,,Vertebrates,ISC (Basic),Invasive Species,Eukaryota,Metazoa,Chordata,Actinopterygii,Perciformes,Cichlidae,no data,no data,no data,https://www.cabi.org/isc/datasheet/113307
Cichlasoma spilurum,blue-eyed cichlid,Vertebrates,ISC (Basic),Invasive Species,Eukaryota,Metazoa,Chordata,Actinopterygii,Perciformes,Cichlidae,no data,no data,no data,https://www.cabi.org/isc/datasheet/113308
Cichlasoma urophthalmum,mayan cichlid,Vertebrates,ISC (Full),"Invasive Species,Host Animal",Eukaryota,Metazoa,Chordata,Actinopterygii,Perciformes,Cichlidae,,no data,,https://www.cabi.org/isc/datasheet/88479
Cirrhitichthys falco,dwarf hawkfish,Vertebrates,ISC (Basic),Invasive Species,Eukaryota,Metazoa,Chordata,Actinopterygii,Perciformes,Cirrhitidae,no data,no data,no data,https://www.cabi.org/isc/datasheet/113325
Clarias batrachus,walking catfish,Vertebrates,"CPC (Full) , ISC (Full)","Invasive Species,Natural Enemy,Host Animal",Eukaryota,Metazoa,Chordata,Actinopterygii,Siluriformes,Clariidae,,no data,,https://www.cabi.org/cpc/datasheet/88681; https://www.cabi.org/isc/datasheet/88681
Clarias gariepinus,,Vertebrates,"CPC (Full) , ISC (Full)","Invasive Species,Natural Enemy,Host Animal",Eukaryota,Metazoa,Chordata,Actinopterygii,Siluriformes,Clariidae,no data,no data,no data,https://www.cabi.org/cpc/datasheet/88683; https://www.cabi.org/isc/datasheet/88683
Colpichthys regis,false grunion,Vertebrates,ISC (Basic),Invasive Species,Eukaryota,Metazoa,Chordata,Actinopterygii,Atheriniformes,Atherinopsidae,no data,no data,no data,https://www.cabi.org/isc/datasheet/113408
Copsychus malabaricus,White-rumped Shama,Vertebrates,ISC (Full),"Documented Species,Host Animal",Eukaryota,Metazoa,Chordata,Aves,Passeriformes,Turdidae,,no data,no data,https://www.cabi.org/isc/datasheet/88140
Coregonus maraena,Maraena whitefish,Vertebrates,ISC (Basic),Invasive Species,Eukaryota,Metazoa,Chordata,Actinopterygii,Salmoniformes,Salmonidae,no data,no data,no data,https://www.cabi.org/isc/datasheet/113453
Corvus splendens,house crow,Vertebrates,ISC (Full),"Invasive Species,Host Animal",Eukaryota,Metazoa,Chordata,Aves,Passeriformes,Corvidae,,no data,,https://www.cabi.org/isc/datasheet/15463
Corydoras aeneus,green corydoras,Vertebrates,ISC (Basic),Invasive Species,Eukaryota,Metazoa,Chordata,Actinopterygii,Siluriformes,Callichthyidae,no data,no data,no data,https://www.cabi.org/isc/datasheet/113491
Cromileptes altivelis,humpback grouper,Vertebrates,ISC (Full),Documented Species,Eukaryota,Metazoa,Chordata,Actinopterygii,Perciformes,Serranidae,,no data,,https://www.cabi.org/isc/datasheet/87544
Ctenopharyngodon idella,grass carp,Vertebrates,"CPC (Full) , ISC (Full)","Invasive Species,Natural Enemy,Host Animal",Eukaryota,Metazoa,Chordata,Actinopterygii,Cypriniformes,Cyprinidae,,no data,no data,https://www.cabi.org/cpc/datasheet/16772; https://www.cabi.org/isc/datasheet/16772
Ctenopoma nigropannosum,twospot climbing perch,Vertebrates,ISC (Basic),Invasive Species,Eukaryota,Metazoa,Chordata,Actinopterygii,Perciformes,Anabantidae,no data,no data,no data,https://www.cabi.org/isc/datasheet/113684
Ctenosaura similis,black spiny-tailed iguana,Vertebrates,"CPC (Full) , ISC (Full)","Invasive Species,Natural Enemy,Host Animal",Eukaryota,Metazoa,Chordata,Reptilia,Sauria,Iguanidae,,no data,,https://www.cabi.org/cpc/datasheet/86558; https://www.cabi.org/isc/datasheet/86558
Cuora flavomarginata,Yellow-margined box turtle,Vertebrates,ISC (Basic),Invasive Species,Eukaryota,Metazoa,Chordata,Reptilia,Testudines,Emydidae,no data,no data,no data,https://www.cabi.org/isc/datasheet/113689
Cygnus olor,mute swan,Vertebrates,ISC (Full),"Invasive Species,Host Animal",Eukaryota,Metazoa,Chordata,Aves,Anseriformes,Anatidae,,no data,no data,https://www.cabi.org/isc/datasheet/86123
Cynolebias bellottii,Argentine pearlfish,Vertebrates,ISC (Basic),Invasive Species,Eukaryota,Metazoa,Chordata,Actinopterygii,Cyprinodontiformes,Rivulidae,no data,no data,no data,https://www.cabi.org/isc/datasheet/113733
Cynolebias nigripinnis,blackfin pearlfish,Vertebrates,ISC (Basic),Invasive Species,Eukaryota,Metazoa,Chordata,Actinopterygii,Cyprinodontiformes,Rivulidae,no data,no data,no data,https://www.cabi.org/isc/datasheet/113734
Cynomys,prairie dog,Vertebrates,"CPC (Full) , ISC (Basic)",Pest,Eukaryota,Metazoa,Chordata,Mammalia,Rodentia,Sciuridae,no data,no data,no data,https://www.cabi.org/cpc/datasheet/17479
Cynops pyrrhogaster,Japanese fire-bellied salamander,Vertebrates,ISC (Basic),"Invasive Species,Host Animal",Eukaryota,Metazoa,Chordata,Amphibia,Caudata,Salamandridae,no data,no data,no data,https://www.cabi.org/isc/datasheet/113735
Cynoscion othonopterus,Gulf corvina,Vertebrates,ISC (Basic),Invasive Species,Eukaryota,Metazoa,Chordata,Actinopterygii,Perciformes,Sciaenidae,no data,no data,no data,https://www.cabi.org/isc/datasheet/113736
Cynoscion xanthulus,orangemouth corvina,Vertebrates,ISC (Basic),Invasive Species,Eukaryota,Metazoa,Chordata,Actinopterygii,Perciformes,Sciaenidae,no data,no data,no data,https://www.cabi.org/isc/datasheet/113737
Cyprinella lutrensis,red shiner,Vertebrates,ISC (Full),"Invasive Species,Host Animal",Eukaryota,Metazoa,Chordata,Actinopterygii,Cypriniformes,Cyprinidae,,no data,no data,https://www.cabi.org/isc/datasheet/86206
Cyprinus carpio,common carp,Vertebrates,"CPC (Full) , ISC (Full)","Invasive Species,Natural Enemy,Host Animal",Eukaryota,Metazoa,Chordata,Actinopterygii,Cypriniformes,Cyprinidae,,no data,,https://www.cabi.org/cpc/datasheet/17522; https://www.cabi.org/isc/datasheet/17522
Danio malabaricus,Malabar danio,Vertebrates,ISC (Basic),Invasive Species,Eukaryota,Metazoa,Chordata,Actinopterygii,Cypriniformes,Cyprinidae,no data,no data,no data,https://www.cabi.org/isc/datasheet/113790
Dendrobates auratus,Green and black dart-poison frog,Vertebrates,ISC (Basic),Invasive Species,Eukaryota,Metazoa,Chordata,Amphibia,Anura,Dendrobatidae,no data,no data,no data,https://www.cabi.org/isc/datasheet/113828
Dendrobates leucomelas,Yellow-banded dart-poison frog,Vertebrates,ISC (Basic),Invasive Species,Eukaryota,Metazoa,Chordata,Amphibia,Anura,Dendrobatidae,no data,no data,no data,https://www.cabi.org/isc/datasheet/113829
Dicrurus macrocercus,,Vertebrates,"CPC (Full) , ISC (Full)","Invasive Species,Natural Enemy",Eukaryota,Metazoa,Chordata,Aves,Passeriformes,Dicruridae,,no data,,https://www.cabi.org/cpc/datasheet/85888; https://www.cabi.org/isc/datasheet/85888
Didelphis marsupialis,common opossum,Vertebrates,"CPC (Full) , ISC (Full)","Invasive Species,Natural Enemy,Host Animal",Eukaryota,Metazoa,Chordata,Mammalia,Marsupalia,Didelphidae,,no data,no data,https://www.cabi.org/cpc/datasheet/84946; https://www.cabi.org/isc/datasheet/84946
Duttaphrynus melanostictus,Asian common toad,Vertebrates,ISC (Full),"Invasive Species,Threatened Species",Eukaryota,Metazoa,Chordata,Amphibia,Anura,Bufonidae,no data,no data,no data,https://www.cabi.org/isc/datasheet/121979
Eleutherodactylus coqui,Caribbean tree frog,Vertebrates,ISC (Full),Invasive Species,Eukaryota,Metazoa,Chordata,Amphibia,Anura,Leptodactylidae,,no data,,https://www.cabi.org/isc/datasheet/84734
Epinephelus irroratus,Marquesan grouper,Vertebrates,ISC (Basic),Invasive Species,Eukaryota,Metazoa,Chordata,Actinopterygii,Perciformes,Serranidae,no data,no data,no data,https://www.cabi.org/isc/datasheet/114124
Epinephelus lanceolatus,giant grouper,Vertebrates,ISC (Full),"Invasive Species,Host Animal",Eukaryota,Metazoa,Chordata,Actinopterygii,Perciformes,Serranidae,no data,no data,no data,https://www.cabi.org/isc/datasheet/83923
Epinephelus ongus,White-streaked grouper,Vertebrates,ISC (Basic),Invasive Species,Eukaryota,Metazoa,Chordata,Actinopterygii,Perciformes,Serranidae,no data,no data,no data,https://www.cabi.org/isc/datasheet/114125
Equus asinus,donkeys,Vertebrates,ISC (Full),"Invasive Species,Host Animal",Eukaryota,Metazoa,Chordata,Mammalia,Perissodactyla,Equidae,,no data,no data,https://www.cabi.org/isc/datasheet/84021
Equus caballus [ISC],horse,Vertebrates,ISC (Full),Invasive Species,Eukaryota,Metazoa,Chordata,Mammalia,Perissodactyla,Equidae,,no data,no data,https://www.cabi.org/isc/datasheet/119345
Equus ferus,,Vertebrates,ISC (Basic),Invasive Species,Eukaryota,Metazoa,Chordata,Mammalia,Perissodactyla,Equidae,no data,no data,no data,https://www.cabi.org/isc/datasheet/114139
Erinaceus europaeus,European hedgehog,Vertebrates,"CPC (Full) , ISC (Full)","Invasive Species,Natural Enemy,Host Animal",Eukaryota,Metazoa,Chordata,Mammalia,Insectivora,Erinaceidae,,no data,no data,https://www.cabi.org/cpc/datasheet/84114; https://www.cabi.org/isc/datasheet/84114
Esox lucius,pike,Vertebrates,"CPC (Full) , ISC (Full)","Invasive Species,Natural Enemy,Host Animal",Eukaryota,Metazoa,Chordata,Actinopterygii Umbra pygmaea,Esociformes,Esocidae,,no data,,https://www.cabi.org/cpc/datasheet/83118; https://www.cabi.org/isc/datasheet/83118
Esox reicherti,Amur pike,Vertebrates,ISC (Basic),Invasive Species,Eukaryota,Metazoa,Chordata,Actinopterygii Umbra pygmaea,Esociformes,Esocidae,no data,no data,no data,https://www.cabi.org/isc/datasheet/114278
Eunectes murinus,green anaconda,Vertebrates,ISC (Basic),Invasive Species,Eukaryota,Metazoa,Chordata,Reptilia,Serpentes,Boidae,no data,no data,no data,https://www.cabi.org/isc/datasheet/114297
Eunectes notaeus,yellow anaconda,Vertebrates,ISC (Basic),Invasive Species,Eukaryota,Metazoa,Chordata,Reptilia,Serpentes,Boidae,no data,no data,no data,https://www.cabi.org/isc/datasheet/114298
Gambusia affinis,western mosquitofish,Vertebrates,ISC (Full),"Invasive Species,Host Animal",Eukaryota,Metazoa,Chordata,Actinopterygii,Cyprinodontiformes,Poeciliidae,,no data,no data,https://www.cabi.org/isc/datasheet/82079
Gambusia holbrooki,eastern mosquitofish,Vertebrates,ISC (Full),"Invasive Species,Host Animal",Eukaryota,Metazoa,Chordata,Actinopterygii,Cyprinodontiformes,Poeciliidae,,no data,no data,https://www.cabi.org/isc/datasheet/82089
Garrulax canorus,Chinese hwamei,Vertebrates,ISC (Full),Invasive Species,Eukaryota,Metazoa,Chordata,Aves,Passeriformes,Timaliidae,,no data,,https://www.cabi.org/isc/datasheet/82130
Geophagus brasiliensis,pearl cichlid,Vertebrates,ISC (Full),Documented Species,Eukaryota,Metazoa,Chordata,Actinopterygii,Perciformes,Cichlidae,,no data,,https://www.cabi.org/isc/datasheet/121012
Gila orcuttii,,Vertebrates,ISC (Basic),Invasive Species,Eukaryota,Metazoa,Chordata,Actinopterygii,Cypriniformes,Cyprinidae,no data,no data,no data,https://www.cabi.org/isc/datasheet/114566
Gillichthys seta,shortjaw mudsucker,Vertebrates,ISC (Basic),Invasive Species,Eukaryota,Metazoa,Chordata,Actinopterygii,Perciformes,Gobiidae,no data,no data,no data,https://www.cabi.org/isc/datasheet/114570
Girella simplicidens,Gulf opaleye,Vertebrates,ISC (Basic),Invasive Species,Eukaryota,Metazoa,Chordata,Actinopterygii,Perciformes,Kyphosidae,no data,no data,no data,https://www.cabi.org/isc/datasheet/114571
Glyptoperichthys gibbiceps,leopard pleco,Vertebrates,ISC (Basic),Invasive Species,Eukaryota,Metazoa,Chordata,Actinopterygii,Siluriformes,Loricariidae,no data,no data,no data,https://www.cabi.org/isc/datasheet/114602
Gramma loreto,fairy basslet,Vertebrates,ISC (Basic),Invasive Species,Eukaryota,Metazoa,Chordata,Actinopterygii,Perciformes,Grammatidae,no data,no data,no data,https://www.cabi.org/isc/datasheet/114627
Gymnocephalus cernuus,ruffe,Vertebrates,"CPC (Full) , ISC (Full)","Invasive Species,Natural Enemy,Host Animal",Eukaryota,Metazoa,Chordata,Actinopterygii,Perciformes,Percidae,,no data,,https://www.cabi.org/cpc/datasheet/80729; https://www.cabi.org/isc/datasheet/80729
Gyrinocheilus aymonieri,Chinese algae-eater,Vertebrates,ISC (Basic),Invasive Species,Eukaryota,Metazoa,Chordata,Actinopterygii,Cypriniformes,Gyrinocheilidae,no data,no data,no data,https://www.cabi.org/isc/datasheet/114655
Haplochromis callipterus,eastern happy,Vertebrates,ISC (Basic),Invasive Species,Eukaryota,Metazoa,Chordata,Actinopterygii,Perciformes,Cichlidae,no data,no data,no data,https://www.cabi.org/isc/datasheet/114673
Hemibarbus labeo,barbel steed,Vertebrates,ISC (Full),Documented Species,Eukaryota,Metazoa,Chordata,Actinopterygii,Cypriniformes,Cyprinidae,,no data,,https://www.cabi.org/isc/datasheet/110572
Hemibarbus maculatus,spotted steed,Vertebrates,ISC (Full),Invasive Species,Eukaryota,Metazoa,Chordata,Actinopterygii,Cypriniformes,Cyprinidae,,no data,no data,https://www.cabi.org/isc/datasheet/110573
Hemichromis letourneuxi,African jewelfish,Vertebrates,ISC (Full),Invasive Species,Eukaryota,Metazoa,Chordata,Actinopterygii,Perciformes,Cichlidae,,no data,,https://www.cabi.org/isc/datasheet/114751
Hemiculter leucisculus,common sawbelly,Vertebrates,ISC (Full),Invasive Species,Eukaryota,Metazoa,Chordata,Actinopterygii,Cypriniformes,Cyprinidae,,no data,,https://www.cabi.org/isc/datasheet/110574
Hemidactylus frenatus,common house gecko,Vertebrates,ISC (Full),Invasive Species,Eukaryota,Metazoa,Chordata,Reptilia,Sauria,Gekkonidae,,no data,,https://www.cabi.org/isc/datasheet/80353
Hemigrammus ocellifer,head-and-taillight tetra,Vertebrates,ISC (Basic),Invasive Species,Eukaryota,Metazoa,Chordata,Actinopterygii,Characiformes,Characidae,no data,no data,no data,https://www.cabi.org/isc/datasheet/114752
Heniochus diphreutes,,Vertebrates,ISC (Basic),Invasive Species,Eukaryota,Metazoa,Chordata,Actinopterygii,Perciformes,Chaetodontidae,no data,no data,no data,https://www.cabi.org/isc/datasheet/114760
Heniochus intermedius,Red Sea bannerfish,Vertebrates,ISC (Basic),Invasive Species,Eukaryota,Metazoa,Chordata,Actinopterygii,Perciformes,Chaetodontidae,no data,no data,no data,https://www.cabi.org/isc/datasheet/114762
Herichthys cyanoguttatus,Rio Grande cichlid,Vertebrates,ISC (Full),Invasive Species,Eukaryota,Metazoa,Chordata,Actinopterygii,Perciformes,Cichlidae,,no data,,https://www.cabi.org/isc/datasheet/120933
Herklotsichthys quadrimaculatus,goldspot herring,Vertebrates,ISC (Basic),Invasive Species,Eukaryota,Metazoa,Chordata,Actinopterygii,Clupeiformes,Clupeidae,no data,no data,no data,https://www.cabi.org/isc/datasheet/114770
Heros severus,banded cichlid,Vertebrates,ISC (Basic),Invasive Species,Eukaryota,Metazoa,Chordata,Actinopterygii,Perciformes,Cichlidae,no data,no data,no data,https://www.cabi.org/isc/datasheet/114774
Herpestes javanicus,small Indian mongoose,Vertebrates,"CPC (Full) , ISC (Full)","Invasive Species,Natural Enemy",Eukaryota,Metazoa,Chordata,Mammalia,Carnivora,Herpestidae,,no data,no data,https://www.cabi.org/cpc/datasheet/80508; https://www.cabi.org/isc/datasheet/80508
Heterotis niloticus,African bonytongue,Vertebrates,ISC (Full),"Invasive Species,Host Animal",Eukaryota,Metazoa,Chordata,Actinopterygii,Osteoglossiformes,Arapaimidae,,no data,,https://www.cabi.org/isc/datasheet/80116
Holochilus brasiliensis,,Vertebrates,"CPC (Basic) , ISC (Basic)",Pest,Eukaryota,Metazoa,Chordata,Mammalia,Rodentia,Muridae,no data,no data,no data,https://www.cabi.org/cpc/datasheet/27325
Hoplosternum littorale,armoured catfish,Vertebrates,ISC (Full),"Invasive Species,Host Animal",Eukaryota,Metazoa,Chordata,Actinopterygii,Siluriformes,Callichthyidae,no data,no data,no data,https://www.cabi.org/isc/datasheet/79822
Hydrochoerus hydrochaeris,capybara,Vertebrates,ISC (Basic),Invasive Species,Eukaryota,Metazoa,Chordata,Mammalia,Rodentia,Hydrochaeridae,no data,no data,no data,https://www.cabi.org/isc/datasheet/114852
Hymenochirus boettgeri,Zaire dwarf clawed frog,Vertebrates,ISC (Basic),Invasive Species,Eukaryota,Metazoa,Chordata,Amphibia,Anura,Pipidae,no data,no data,no data,https://www.cabi.org/isc/datasheet/114893
Hyphessobrycon serpae,serpae tetra,Vertebrates,ISC (Basic),Invasive Species,Eukaryota,Metazoa,Chordata,Actinopterygii,Characiformes,Characidae,no data,no data,no data,https://www.cabi.org/isc/datasheet/114915
Hypomesus nipponensis,wakasagi,Vertebrates,ISC (Basic),Invasive Species,Eukaryota,Metazoa,Chordata,Actinopterygii,Osmeriformes,Osmeridae,no data,no data,no data,https://www.cabi.org/isc/datasheet/114921
Hypophthalmichthys molitrix,silver carp,Vertebrates,ISC (Full),"Invasive Species,Host Animal",Eukaryota,Metazoa,Chordata,Actinopterygii,Cypriniformes,Cyprinidae,no data,no data,no data,https://www.cabi.org/isc/datasheet/79036
Hypostomus plecostomus,suckermouth catfish,Vertebrates,ISC (Full),Invasive Species,Eukaryota,Metazoa,Chordata,Actinopterygii,Siluriformes,Loricariidae,,no data,,https://www.cabi.org/isc/datasheet/114927
Hypsoblennius invemar,tessellated blenny,Vertebrates,ISC (Basic),Invasive Species,Eukaryota,Metazoa,Chordata,Actinopterygii,Perciformes,Blenniidae,no data,no data,no data,https://www.cabi.org/isc/datasheet/114929
Ictalurus furcatus,blue catfish,Vertebrates,"CPC (Full) , ISC (Full)","Invasive Species,Natural Enemy,Host Animal",Eukaryota,Metazoa,Chordata,Actinopterygii,Siluriformes,Ictaluridae,,no data,no data,https://www.cabi.org/cpc/datasheet/79120; https://www.cabi.org/isc/datasheet/79120
Ictalurus punctatus,channel catfish,Vertebrates,"CPC (Full) , ISC (Full)","Invasive Species,Natural Enemy,Host Animal",Eukaryota,Metazoa,Chordata,Actinopterygii,Siluriformes,Ictaluridae,,no data,,https://www.cabi.org/cpc/datasheet/79127; https://www.cabi.org/isc/datasheet/79127
Kinosternon scorpioides,scorpion mud turtle,Vertebrates,ISC (Basic),Invasive Species,Eukaryota,Metazoa,Chordata,Reptilia,Testudines,Kinosternidae,no data,no data,no data,https://www.cabi.org/isc/datasheet/115065
Labeo chrysophekadion,black sharkminnow,Vertebrates,ISC (Basic),Invasive Species,Eukaryota,Metazoa,Chordata,Actinopterygii,Cypriniformes,Cyprinidae,no data,no data,no data,https://www.cabi.org/isc/datasheet/115090
Lagurus ovatus,Hare's tail,Vertebrates,"CPC (Basic) , ISC (Basic)","Invasive Species,Host Plant",Eukaryota,Metazoa,Chordata,Mammalia,Rodentia,Muridae,no data,no data,no data,https://www.cabi.org/cpc/datasheet/115105; https://www.cabi.org/isc/datasheet/115105
Lampropeltis californiae,,Vertebrates,ISC (Full),Invasive Species,Eukaryota,Metazoa,Chordata,Reptilia,Serpentes,Colubridae,no data,no data,no data,https://www.cabi.org/isc/datasheet/120356
Lates niloticus,Nile perch,Vertebrates,"CPC (Full) , ISC (Full)","Invasive Species,Natural Enemy,Host Animal",Eukaryota,Metazoa,Chordata,Actinopterygii,Perciformes,Centropomidae,,no data,,https://www.cabi.org/cpc/datasheet/77994; https://www.cabi.org/isc/datasheet/77994
Leiothrix lutea,red-billed leiothrix,Vertebrates,ISC (Full),"Invasive Species,Host Animal",Eukaryota,Metazoa,Chordata,Aves,Passeriformes,Timaliidae,,no data,,https://www.cabi.org/isc/datasheet/77034
Lepomis cyanellus,green sunfish,Vertebrates,"CPC (Full) , ISC (Full)","Invasive Species,Natural Enemy,Host Animal",Eukaryota,Metazoa,Chordata,Actinopterygii,Perciformes,Centrarchidae,,no data,,https://www.cabi.org/cpc/datasheet/77079; https://www.cabi.org/isc/datasheet/77079
Lepomis gibbosus,pumpkinseed,Vertebrates,ISC (Full),"Invasive Species,Host Animal",Eukaryota,Metazoa,Chordata,Actinopterygii,Perciformes,Centrarchidae,,no data,,https://www.cabi.org/isc/datasheet/77080
Lepomis gulosus,warmouth,Vertebrates,ISC (Full),"Invasive Species,Threatened Species",Eukaryota,Metazoa,Chordata,Actinopterygii,Perciformes,Centrarchidae,,no data,,https://www.cabi.org/isc/datasheet/109292
Lepomis macrochirus,bluegill,Vertebrates,"CPC (Full) , ISC (Full)","Invasive Species,Threatened Species,Natural Enemy,Host Animal",Eukaryota,Metazoa,Chordata,Actinopterygii,Perciformes,Centrarchidae,,no data,,https://www.cabi.org/cpc/datasheet/77082; https://www.cabi.org/isc/datasheet/77082
Lepomis microlophus,redear sunfish,Vertebrates,"CPC (Full) , ISC (Full)","Invasive Species,Natural Enemy",Eukaryota,Metazoa,Chordata,Actinopterygii,Perciformes,Centrarchidae,,no data,no data,https://www.cabi.org/cpc/datasheet/77083; https://www.cabi.org/isc/datasheet/77083
Leporinus fasciatus,banded leporinus,Vertebrates,ISC (Basic),Invasive Species,Eukaryota,Metazoa,Chordata,Actinopterygii,Characiformes,Anostomidae,no data,no data,no data,https://www.cabi.org/isc/datasheet/115220
Lepus europaeus,European hare,Vertebrates,ISC (Full),"Invasive Species,Host Animal",Eukaryota,Metazoa,Chordata,Mammalia,Lagomorpha,Leporidae,,no data,no data,https://www.cabi.org/isc/datasheet/77227
Leuciscus idus,ide,Vertebrates,"CPC (Full) , ISC (Full)","Documented Species,Threatened Species,Natural Enemy,Host Animal",Eukaryota,Metazoa,Chordata,Actinopterygii,Cypriniformes,Cyprinidae,,no data,,https://www.cabi.org/cpc/datasheet/77315; https://www.cabi.org/isc/datasheet/77315
Leuresthes sardina,Gulf grunion,Vertebrates,ISC (Basic),Invasive Species,Eukaryota,Metazoa,Chordata,Actinopterygii,Atheriniformes,Atherinopsidae,no data,no data,no data,https://www.cabi.org/isc/datasheet/115246
Lonchura punctulata,"munia, spotted",Vertebrates,"CPC (Basic) , ISC (Basic)",Pest,Eukaryota,Metazoa,Chordata,Aves,Passeriformes,Estrildidae,no data,no data,no data,https://www.cabi.org/cpc/datasheet/31120
Loriculus galgulus,Malay lorikeet,Vertebrates,"CPC (Basic) , ISC (Basic)","Pest,Natural Enemy",Eukaryota,Metazoa,Chordata,Aves,Psittaciformes,Psittacidae,no data,no data,no data,https://www.cabi.org/cpc/datasheet/31345
Loxigilla noctis,brown sparrow,Vertebrates,"CPC (Basic) , ISC (Basic)",Pest,Eukaryota,Metazoa,Chordata,Aves,Passeriformes,Emberizidae,no data,no data,no data,https://www.cabi.org/cpc/datasheet/76721
Lucania parva,rainwater killifish,Vertebrates,ISC (Full),"Documented Species,Host Animal",Eukaryota,Metazoa,Chordata,Actinopterygii,Cyprinodontiformes,Cyprinodontidae,,no data,,https://www.cabi.org/isc/datasheet/76748
Lutjanus kasmira,blueline snapper,Vertebrates,ISC (Full),"Invasive Species,Host Animal",Eukaryota,Metazoa,Chordata,Actinopterygii,Perciformes,Lutjanidae,,no data,no data,https://www.cabi.org/isc/datasheet/76834
Macaca fascicularis,crab-eating macaque,Vertebrates,ISC (Full),"Invasive Species,Host Animal",Eukaryota,Metazoa,Chordata,Mammalia,Primates,Cercopithecidae,,no data,no data,https://www.cabi.org/isc/datasheet/76108
Macaca mulatta,,Vertebrates,ISC (Basic),"Invasive Species,Threatened Species,Host Animal",Eukaryota,Metazoa,Chordata,Mammalia,Primates,Cercopithecidae,no data,no data,no data,https://www.cabi.org/isc/datasheet/76105
Macropodus opercularis,paradisefish,Vertebrates,ISC (Basic),Invasive Species,Eukaryota,Metazoa,Chordata,Actinopterygii,Perciformes,Belontiidae,no data,no data,no data,https://www.cabi.org/isc/datasheet/115452
Malayemys subtrijuga,Malayan snail-eating turtle,Vertebrates,"CPC (Basic) , ISC (Basic)","Invasive Species,Natural Enemy",Eukaryota,Metazoa,Chordata,Reptilia,Testudines,Emydidae,no data,no data,no data,https://www.cabi.org/cpc/datasheet/115464; https://www.cabi.org/isc/datasheet/115464
Marmosa cinerea,,Vertebrates,ISC (Basic),Invasive Species,Eukaryota,Metazoa,Chordata,Mammalia,Marsupalia,Didelphidae,no data,no data,no data,https://www.cabi.org/isc/datasheet/115496
Melanerpes striatus,woodpecker,Vertebrates,"CPC (Basic) , ISC (Basic)",Pest,Eukaryota,Metazoa,Chordata,Aves Picoides borealis,Piciformes,Picidae,no data,no data,no data,https://www.cabi.org/cpc/datasheet/75600
Melanochromis auratus,golden mbuna,Vertebrates,ISC (Basic),Invasive Species,Eukaryota,Metazoa,Chordata,Actinopterygii,Perciformes,Cichlidae,no data,no data,no data,https://www.cabi.org/isc/datasheet/115554
Melanochromis johannii,bluegray mbuna,Vertebrates,ISC (Basic),Invasive Species,Eukaryota,Metazoa,Chordata,Actinopterygii,Perciformes,Cichlidae,no data,no data,no data,https://www.cabi.org/isc/datasheet/115555
Melanotaenia nigrans,black-banded rainbowfish,Vertebrates,ISC (Basic),Invasive Species,Eukaryota,Metazoa,Chordata,Actinopterygii,Atheriniformes,Melanotaeniidae,no data,no data,no data,https://www.cabi.org/isc/datasheet/115557
Menticirrhus nasus,highfin kingfish,Vertebrates,ISC (Basic),Invasive Species,Eukaryota,Metazoa,Chordata,Actinopterygii,Perciformes,Sciaenidae,no data,no data,no data,https://www.cabi.org/isc/datasheet/115575
Mephitis mephitis,,Vertebrates,"CPC (Basic) , ISC (Basic)","Invasive Species,Natural Enemy,Host Animal",Eukaryota,Metazoa,Chordata,Mammalia,Carnivora,Mustelidae,no data,no data,no data,https://www.cabi.org/cpc/datasheet/75675; https://www.cabi.org/isc/datasheet/75675
Metynnis hypsauchen,silver dollar,Vertebrates,ISC (Basic),Invasive Species,Eukaryota,Metazoa,Chordata,Actinopterygii,Characiformes,Characidae,no data,no data,no data,https://www.cabi.org/isc/datasheet/115587
Micropogonias megalops,Gulf croaker,Vertebrates,ISC (Basic),Invasive Species,Eukaryota,Metazoa,Chordata,Actinopterygii,Perciformes,Sciaenidae,no data,no data,no data,https://www.cabi.org/isc/datasheet/115600
Micropterus dolomieu,smallmouth bass,Vertebrates,"CPC (Full) , ISC (Full)","Invasive Species,Natural Enemy,Host Animal",Eukaryota,Metazoa,Chordata,Actinopterygii,Perciformes,Centrarchidae,,no data,,https://www.cabi.org/cpc/datasheet/74844; https://www.cabi.org/isc/datasheet/74844
Micropterus salmoides,largemouth bass,Vertebrates,"CPC (Full) , ISC (Full)","Invasive Species,Natural Enemy,Host Animal",Eukaryota,Metazoa,Chordata,Actinopterygii,Perciformes,Centrarchidae,,no data,,https://www.cabi.org/cpc/datasheet/74846; https://www.cabi.org/isc/datasheet/74846
Misgurnus anguillicaudatus,oriental weatherloach,Vertebrates,ISC (Full),"Invasive Species,Host Animal",Eukaryota,Metazoa,Chordata,Actinopterygii,Cypriniformes,Cobitidae,,no data,,https://www.cabi.org/isc/datasheet/75075
Moenkhausia sanctaefilomenae,redeye tetra,Vertebrates,ISC (Basic),Invasive Species,Eukaryota,Metazoa,Chordata,Actinopterygii,Characiformes,Characidae,no data,no data,no data,https://www.cabi.org/isc/datasheet/115625
Molothrus ater,brown-headed cowbird,Vertebrates,"CPC (Full) , ISC (Full)","Invasive Species,Natural Enemy,Host Animal",Eukaryota,Metazoa,Chordata,Aves,Passeriformes,Icteridae,,no data,no data,https://www.cabi.org/cpc/datasheet/75200; https://www.cabi.org/isc/datasheet/75200
Monopterus albus,Asian swamp eel,Vertebrates,ISC (Full),"Invasive Species,Host Animal",Eukaryota,Metazoa,Chordata,Actinopterygii,Synbranchiformes,Synbranchidae,no data,no data,no data,https://www.cabi.org/isc/datasheet/74114
Morone americana,white perch,Vertebrates,ISC (Full),"Invasive Species,Host Animal",Eukaryota,Metazoa,Chordata,Actinopterygii,Perciformes,Moronidae,,no data,no data,https://www.cabi.org/isc/datasheet/74160
Mugilogobius cavifrons,mangrove goby,Vertebrates,ISC (Basic),Invasive Species,Eukaryota,Metazoa,Chordata,Actinopterygii,Perciformes,Gobiidae,no data,no data,no data,https://www.cabi.org/isc/datasheet/115664
Mugilogobius parvus,helmeted goby,Vertebrates,ISC (Basic),Invasive Species,Eukaryota,Metazoa,Chordata,Actinopterygii,Perciformes,Gobiidae,no data,no data,no data,https://www.cabi.org/isc/datasheet/115665
Muntiacus reevesi,Reeves' muntjac,Vertebrates,ISC (Full),Invasive Species,Eukaryota,Metazoa,Chordata,Mammalia,Artiodactyla,Cervidae,,no data,no data,https://www.cabi.org/isc/datasheet/74281
Mus musculus domesticus,mouse,Vertebrates,"CPC (Full) , ISC (Basic)",Pest,Eukaryota,Metazoa,Chordata,Mammalia,Rodentia,Muridae,no data,no data,no data,https://www.cabi.org/cpc/datasheet/35209
Mustela erminea,ermine,Vertebrates,"CPC (Full) , ISC (Full)","Invasive Species,Natural Enemy,Host Animal",Eukaryota,Metazoa,Chordata,Mammalia,Carnivora,Mustelidae,,no data,no data,https://www.cabi.org/cpc/datasheet/74426; https://www.cabi.org/isc/datasheet/74426
Mustela furo,ferret,Vertebrates,ISC (Full),"Invasive Species,Host Animal",Eukaryota,Metazoa,Chordata,Mammalia,Carnivora,Mustelidae,,no data,no data,https://www.cabi.org/isc/datasheet/74424
Myleus rubripinnis,redhook pacu,Vertebrates,ISC (Basic),Invasive Species,Eukaryota,Metazoa,Chordata,Actinopterygii,Characiformes,Characidae,no data,no data,no data,https://www.cabi.org/isc/datasheet/115680
Mylopharyngodon piceus,black amur,Vertebrates,"CPC (Full) , ISC (Full)","Invasive Species,Natural Enemy,Host Animal",Eukaryota,Metazoa,Chordata,Actinopterygii,Cypriniformes,Cyprinidae,no data,no data,,https://www.cabi.org/cpc/datasheet/73511; https://www.cabi.org/isc/datasheet/73511
Myocastor coypus,coypu,Vertebrates,ISC (Full),"Invasive Species,Host Animal",Eukaryota,Metazoa,Chordata,Mammalia,Rodentia,Myocastoridae,,no data,no data,https://www.cabi.org/isc/datasheet/73537
Nasua narica,white-nosed coati,Vertebrates,"CPC (Full) , ISC (Full)","Documented Species,Natural Enemy",Eukaryota,Metazoa,Chordata,Mammalia,Carnivora,Procyonidae,,no data,no data,https://www.cabi.org/cpc/datasheet/74002; https://www.cabi.org/isc/datasheet/74002
Nasua nasua,ring-tailed coati,Vertebrates,"CPC (Full) , ISC (Full)","Documented Species,Natural Enemy",Eukaryota,Metazoa,Chordata,Mammalia,Carnivora,Procyonidae,,no data,no data,https://www.cabi.org/cpc/datasheet/74001; https://www.cabi.org/isc/datasheet/74001
Neogobius melanostomus,round goby,Vertebrates,"CPC (Full) , ISC (Full)","Invasive Species,Natural Enemy,Host Animal",Eukaryota,Metazoa,Chordata,Actinopterygii,Perciformes,Gobiidae,,no data,,https://www.cabi.org/cpc/datasheet/73163; https://www.cabi.org/isc/datasheet/73163
Neovison vison,American mink,Vertebrates,"CPC (Full) , ISC (Full)","Invasive Species,Natural Enemy,Host Animal",Eukaryota,Metazoa,Chordata,Mammalia,Carnivora,Mustelidae,,no data,no data,https://www.cabi.org/cpc/datasheet/74428; https://www.cabi.org/isc/datasheet/74428
Nothobranchius guentheri,redtail notho,Vertebrates,ISC (Basic),Invasive Species,Eukaryota,Metazoa,Chordata,Actinopterygii,Cyprinodontiformes,Aplocheilidae,no data,no data,no data,https://www.cabi.org/isc/datasheet/115811
Notropis stramineus,,Vertebrates,ISC (Full),Invasive Species,Eukaryota,Metazoa,Chordata,Actinopterygii,Cypriniformes,Cyprinidae,,no data,,https://www.cabi.org/isc/datasheet/119449
Nyctereutes procyonoides,raccoon dog,Vertebrates,"CPC (Full) , ISC (Full)","Invasive Species,Natural Enemy,Host Animal",Eukaryota,Metazoa,Chordata,Mammalia,Carnivora,Canidae,,no data,no data,https://www.cabi.org/cpc/datasheet/72656; https://www.cabi.org/isc/datasheet/72656
Odocoileus hemionus,black-tailed deer,Vertebrates,ISC (Full),"Invasive Species,Host Animal",Eukaryota,Metazoa,Chordata,Mammalia,Artiodactyla,Cervidae,,no data,no data,https://www.cabi.org/isc/datasheet/72771
Odontesthes bonariensis,pejerrey,Vertebrates,ISC (Full),"Documented Species,Host Animal",Eukaryota,Metazoa,Chordata,Actinopterygii,Atheriniformes,Atherinopsidae,,no data,,https://www.cabi.org/isc/datasheet/72773
Omobranchus ferox,fang-toothed blenny,Vertebrates,ISC (Basic),Invasive Species,Eukaryota,Metazoa,Chordata,Actinopterygii,Perciformes,Blenniidae,no data,no data,no data,https://www.cabi.org/isc/datasheet/115932
Oncorhynchus mykiss,rainbow trout,Vertebrates,"CPC (Full) , ISC (Full)","Invasive Species,Threatened Species,Natural Enemy,Host Animal",Eukaryota,Metazoa,Chordata,Actinopterygii,Salmoniformes,Salmonidae,,no data,no data,https://www.cabi.org/cpc/datasheet/71813; https://www.cabi.org/isc/datasheet/71813
Oncorhynchus tshawytscha,chinook salmon,Vertebrates,"CPC (Full) , ISC (Full)","Invasive Species,Natural Enemy",Eukaryota,Metazoa,Chordata,Actinopterygii,Salmoniformes,Salmonidae,,no data,,https://www.cabi.org/cpc/datasheet/71815; https://www.cabi.org/isc/datasheet/71815
Ondatra zibethicus,muskrat,Vertebrates,"CPC (Full) , ISC (Full)","Invasive Species,Natural Enemy,Host Animal",Eukaryota,Metazoa,Chordata,Mammalia,Rodentia,Muridae,,no data,no data,https://www.cabi.org/cpc/datasheet/71816; https://www.cabi.org/isc/datasheet/71816
Ophisternon aenigmaticum,obscure swamp eel,Vertebrates,ISC (Basic),Invasive Species,Eukaryota,Metazoa,Chordata,Actinopterygii,Synbranchiformes,Synbranchidae,no data,no data,no data,https://www.cabi.org/isc/datasheet/71978
Oreochromis aureus,blue tilapia,Vertebrates,ISC (Full),"Invasive Species,Host Animal",Eukaryota,Metazoa,Chordata,Actinopterygii,Perciformes,Cichlidae,,no data,,https://www.cabi.org/isc/datasheet/72068
Oreochromis mossambicus,Mozambique tilapia,Vertebrates,"CPC (Full) , ISC (Full)","Invasive Species,Threatened Species,Natural Enemy,Host Animal",Eukaryota,Metazoa,Chordata,Actinopterygii,Perciformes,Cichlidae,no data,no data,no data,https://www.cabi.org/cpc/datasheet/72085; https://www.cabi.org/isc/datasheet/72085
Orthogeomys chirrie,,Vertebrates,"CPC (Basic) , ISC (Basic)",Pest,Eukaryota,Metazoa,Chordata,Mammalia,Rodentia,Geomyidae,no data,no data,no data,https://www.cabi.org/cpc/datasheet/38056
Oryctolagus cuniculus,rabbits,Vertebrates,"CPC (Full) , ISC (Full)","Invasive Species,Natural Enemy,Host Animal",Eukaryota,Metazoa,Chordata,Mammalia,Lagomorpha,Leporidae,,no data,no data,https://www.cabi.org/cpc/datasheet/72046; https://www.cabi.org/isc/datasheet/72046
Ovis aries,sheep,Vertebrates,"CPC (Full) , ISC (Full)","Invasive Species,Natural Enemy,Host Animal",Eukaryota,Metazoa,Chordata,Mammalia,Artiodactyla,Bovidae,,no data,no data,https://www.cabi.org/cpc/datasheet/71349; https://www.cabi.org/isc/datasheet/71349
Ovis aries musimon,European mouflon,Vertebrates,ISC (Full),"Invasive Species,Host Animal",Eukaryota,Metazoa,Chordata,Mammalia,Artiodactyla,Bovidae,,no data,no data,https://www.cabi.org/isc/datasheet/71353
Oxydoras niger,ripsaw catfish,Vertebrates,ISC (Basic),Invasive Species,Eukaryota,Metazoa,Chordata,Actinopterygii,Siluriformes,Doradidae,no data,no data,no data,https://www.cabi.org/isc/datasheet/116569
Oxyura jamaicensis,ruddy duck,Vertebrates,ISC (Full),Invasive Species,Eukaryota,Metazoa,Chordata,Aves,Anseriformes,Anatidae,,no data,no data,https://www.cabi.org/isc/datasheet/71368
Pagrus aurata,,Vertebrates,ISC (Basic),Invasive Species,Eukaryota,Metazoa,Chordata,Actinopterygii,Perciformes,Sparidae,no data,no data,no data,https://www.cabi.org/isc/datasheet/116079
Palea steindachneri,wattle-necked softshell,Vertebrates,ISC (Basic),Invasive Species,Eukaryota,Metazoa,Chordata,Reptilia,Testudines,Trionychidae,no data,no data,no data,https://www.cabi.org/isc/datasheet/116081
Parablennius thysanius,blenny,Vertebrates,ISC (Basic),Invasive Species,Eukaryota,Metazoa,Chordata,Actinopterygii,Perciformes,Blenniidae,no data,no data,no data,https://www.cabi.org/isc/datasheet/116119
Parachromis dovii,wolf cichlid,Vertebrates,ISC (Basic),Invasive Species,Eukaryota,Metazoa,Chordata,Actinopterygii,Perciformes,Cichlidae,no data,no data,no data,https://www.cabi.org/isc/datasheet/116121
Parachromis managuense,jaguar guapote,Vertebrates,ISC (Basic),Invasive Species,Eukaryota,Metazoa,Chordata,Actinopterygii,Perciformes,Cichlidae,no data,no data,no data,https://www.cabi.org/isc/datasheet/116122
Paralichthys aestuarius,Cortez halibut,Vertebrates,ISC (Basic),Invasive Species,Eukaryota,Metazoa,Chordata,Actinopterygii,Pleuronectiformes,Paralichthyidae,no data,no data,no data,https://www.cabi.org/isc/datasheet/116130
Parauchenipterus galeatus,,Vertebrates,ISC (Basic),Invasive Species,Eukaryota,Metazoa,Chordata,Actinopterygii,Siluriformes,Auchenipteridae,no data,no data,no data,https://www.cabi.org/isc/datasheet/116146
Passer domesticus,house sparrow,Vertebrates,"CPC (Full) , ISC (Full)","Invasive Species,Natural Enemy,Host Animal",Eukaryota,Metazoa,Chordata,Aves,Passeriformes,Ploceidae,,no data,no data,https://www.cabi.org/cpc/datasheet/38975; https://www.cabi.org/isc/datasheet/38975
Pavo cristatus,,Vertebrates,ISC (Basic),"Invasive Species,Host Animal",Eukaryota,Metazoa,Chordata,Aves,Galliformes,Phasianidae,no data,no data,no data,https://www.cabi.org/isc/datasheet/70935
Pelvicachromis pulcher,rainbow krib,Vertebrates,ISC (Basic),Invasive Species,Eukaryota,Metazoa,Chordata,Actinopterygii,Perciformes,Cichlidae,no data,no data,no data,https://www.cabi.org/isc/datasheet/116196
Perca flavescens,yellow perch,Vertebrates,"CPC (Full) , ISC (Full)","Invasive Species,Natural Enemy,Host Animal",Eukaryota,Metazoa,Chordata,Actinopterygii,Perciformes,Percidae,,no data,no data,https://www.cabi.org/cpc/datasheet/70036; https://www.cabi.org/isc/datasheet/70036
Perca fluviatilis,perch,Vertebrates,"CPC (Full) , ISC (Full)","Invasive Species,Natural Enemy,Host Animal",Eukaryota,Metazoa,Chordata,Actinopterygii,Perciformes,Percidae,,no data,,https://www.cabi.org/cpc/datasheet/70037; https://www.cabi.org/isc/datasheet/70037
Perccottus glenii,Amur sleeper,Vertebrates,ISC (Full),Invasive Species,Eukaryota,Metazoa,Chordata,Actinopterygii,Perciformes,Odontobutidae,,no data,,https://www.cabi.org/isc/datasheet/110577
Peromyscus fraterculus,Northern Baja deermouse,Vertebrates,ISC (Full),Invasive Species,Eukaryota,Metazoa,Chordata,Mammalia,Rodentia,Muridae,,no data,,https://www.cabi.org/isc/datasheet/121705
Pethia conchonius,,Vertebrates,ISC (Full),Documented Species,Eukaryota,Metazoa,Chordata,Actinopterygii,Cyprinodontiformes,Cyprinodontidae,,no data,,https://www.cabi.org/isc/datasheet/121017
Petromyzon marinus,sea lamprey,Vertebrates,"CPC (Full) , ISC (Full)","Invasive Species,Natural Enemy,Host Animal",Eukaryota,Metazoa,Chordata,Cephalaspidomorphi,Petromyzontiformes,Petromyzontidae,,no data,,https://www.cabi.org/cpc/datasheet/70237; https://www.cabi.org/isc/datasheet/70237
Phalloceros caudimaculatus,dusky millions fish,Vertebrates,ISC (Full),Invasive Species,Eukaryota,Metazoa,Chordata,Actinopterygii,Cyprinodontiformes,Poeciliidae,,no data,,https://www.cabi.org/isc/datasheet/107749
Phasianus colchicus,common pheasant,Vertebrates,"CPC (Full) , ISC (Full)","Invasive Species,Natural Enemy,Host Animal",Eukaryota,Metazoa,Chordata,Aves,Galliformes,Phasianidae,,no data,no data,https://www.cabi.org/cpc/datasheet/70470; https://www.cabi.org/isc/datasheet/70470
Phenacogrammus interruptus,Congo tetra,Vertebrates,ISC (Basic),Invasive Species,Eukaryota,Metazoa,Chordata,Actinopterygii,Characiformes,Alestiidae,no data,no data,no data,https://www.cabi.org/isc/datasheet/116252
Phoxinus phoxinus,European minnow,Vertebrates,ISC (Full),"Invasive Species,Host Animal",Eukaryota,Metazoa,Chordata,Actinopterygii,Cypriniformes,Cyprinidae,,no data,,https://www.cabi.org/isc/datasheet/69626
Phractocephalus hemioliopterus,redtail catfish,Vertebrates,ISC (Basic),Invasive Species,Eukaryota,Metazoa,Chordata,Actinopterygii,Siluriformes,Pimelodidae,no data,no data,no data,https://www.cabi.org/isc/datasheet/116293
Pimephales promelas,fathead minnow,Vertebrates,ISC (Full),"Invasive Species,Host Animal",Eukaryota,Metazoa,Chordata,Actinopterygii,Cypriniformes,Cyprinidae,,no data,,https://www.cabi.org/isc/datasheet/69889
Pimephales vigilax,bullhead minnow,Vertebrates,ISC (Full),Documented Species,Eukaryota,Metazoa,Chordata,Actinopterygii,Cypriniformes,Cyprinidae,,no data,,https://www.cabi.org/isc/datasheet/69891
Pipa pipa,Suriname toad,Vertebrates,ISC (Basic),Invasive Species,Eukaryota,Metazoa,Chordata,Amphibia,Anura,Pipidae,no data,no data,no data,https://www.cabi.org/isc/datasheet/116357
Platemys platycephala,grooved sideneck,Vertebrates,ISC (Basic),Invasive Species,Eukaryota,Metazoa,Chordata,Reptilia,Testudines,Chelidae,no data,no data,no data,https://www.cabi.org/isc/datasheet/116383
Platytropius siamensis,false Siamese shark,Vertebrates,ISC (Basic),Invasive Species,Eukaryota,Metazoa,Chordata,Actinopterygii,Siluriformes,Schilbeidae,no data,no data,no data,https://www.cabi.org/isc/datasheet/116388
Plectorhinchus chaetodonoides,spotted sweetlip,Vertebrates,ISC (Basic),Invasive Species,Eukaryota,Metazoa,Chordata,Actinopterygii,Perciformes,Haemulidae,no data,no data,no data,https://www.cabi.org/isc/datasheet/116389
Ploceus cucullatus,village weaver bird,Vertebrates,"CPC (Basic) , ISC (Basic)",Pest,Eukaryota,Metazoa,Chordata,Aves,Passeriformes,Ploceidae,no data,no data,no data,https://www.cabi.org/cpc/datasheet/41955; https://www.cabi.org/isc/datasheet/41955
Podarcis sicula,Italian wall lizard,Vertebrates,ISC (Full),Invasive Species,Eukaryota,Metazoa,Chordata,Reptilia,Sauria,Lacertidae,,no data,,https://www.cabi.org/isc/datasheet/68192
Poecilia hybrid,lyretail black molly,Vertebrates,ISC (Basic),Invasive Species,Eukaryota,Metazoa,Chordata,Actinopterygii,Cyprinodontiformes,Poeciliidae,no data,no data,no data,https://www.cabi.org/isc/datasheet/116419
Poecilia latipinna,sailfin molly,Vertebrates,ISC (Full),Invasive Species,Eukaryota,Metazoa,Chordata,Actinopterygii,Cyprinodontiformes,Poeciliidae,,no data,,https://www.cabi.org/isc/datasheet/68203
Poecilia reticulata,guppy,Vertebrates,"CPC (Full) , ISC (Full)","Invasive Species,Natural Enemy,Host Animal",Eukaryota,Metazoa,Chordata,Actinopterygii,Cyprinodontiformes,Poeciliidae,,no data,,https://www.cabi.org/cpc/datasheet/68208; https://www.cabi.org/isc/datasheet/68208
Poecilia vivipara,,Vertebrates,ISC (Basic),Invasive Species,Eukaryota,Metazoa,Chordata,Actinopterygii,Cyprinodontiformes,Poeciliidae,no data,no data,no data,https://www.cabi.org/isc/datasheet/116421
Pomacanthus annularis,blue ringed angelfish,Vertebrates,ISC (Basic),Invasive Species,Eukaryota,Metazoa,Chordata,Actinopterygii,Perciformes,Pomacanthidae,no data,no data,no data,https://www.cabi.org/isc/datasheet/116475
Pomacanthus asfur,Arabian angelfish,Vertebrates,ISC (Basic),Invasive Species,Eukaryota,Metazoa,Chordata,Actinopterygii,Perciformes,Pomacanthidae,no data,no data,no data,https://www.cabi.org/isc/datasheet/116476
Pomacanthus imperator,emperor angelfish,Vertebrates,ISC (Basic),Invasive Species,Eukaryota,Metazoa,Chordata,Actinopterygii,Perciformes,Pomacanthidae,no data,no data,no data,https://www.cabi.org/isc/datasheet/116477
Pomacanthus maculosus,yellowbar angelfish,Vertebrates,ISC (Basic),Invasive Species,Eukaryota,Metazoa,Chordata,Actinopterygii,Perciformes,Pomacanthidae,no data,no data,no data,https://www.cabi.org/isc/datasheet/116478
Pomacanthus semicirculatus,semicircle angelfish,Vertebrates,ISC (Basic),Invasive Species,Eukaryota,Metazoa,Chordata,Actinopterygii,Perciformes,Pomacanthidae,no data,no data,no data,https://www.cabi.org/isc/datasheet/116479
Pomacanthus xanthometopon,bluefaced angelfish,Vertebrates,ISC (Basic),Invasive Species,Eukaryota,Metazoa,Chordata,Actinopterygii,Perciformes,Pomacanthidae,no data,no data,no data,https://www.cabi.org/isc/datasheet/116480
Pomoxis annularis,white crappie,Vertebrates,ISC (Full),"Invasive Species,Host Animal",Eukaryota,Metazoa,Chordata,Actinopterygii,Perciformes,Centrarchidae,,no data,,https://www.cabi.org/isc/datasheet/68535
Pomoxis nigromaculatus,black crappie,Vertebrates,"CPC (Full) , ISC (Full)","Invasive Species,Natural Enemy,Host Animal",Eukaryota,Metazoa,Chordata,Actinopterygii,Perciformes,Centrarchidae,,no data,,https://www.cabi.org/cpc/datasheet/68536; https://www.cabi.org/isc/datasheet/68536
Procyon lotor,raccoon,Vertebrates,"CPC (Full) , ISC (Full)","Invasive Species,Natural Enemy,Host Animal",Eukaryota,Metazoa,Chordata,Mammalia,Carnivora,Procyonidae,,no data,no data,https://www.cabi.org/cpc/datasheet/67856; https://www.cabi.org/isc/datasheet/67856
Protopterus aethiopicus aethiopicus,marbled lungfish,Vertebrates,ISC (Full),Invasive Species,Eukaryota,Metazoa,Chordata,Sarcopterygii,Lepidosireniformes,Protopteridae,,no data,no data,https://www.cabi.org/isc/datasheet/120144
Pseudorasbora parva,topmouth gudgeon,Vertebrates,"CPC (Full) , ISC (Full)","Invasive Species,Natural Enemy,Host Animal",Eukaryota,Metazoa,Chordata,Actinopterygii,Cypriniformes,Cyprinidae,,no data,,https://www.cabi.org/cpc/datasheet/67983; https://www.cabi.org/isc/datasheet/67983
Psittacula alexandri,red-breasted parakeet,Vertebrates,"CPC (Basic) , ISC (Basic)","Pest,Natural Enemy",Eukaryota,Metazoa,Chordata,Aves,Psittaciformes,Psittacidae,no data,no data,no data,https://www.cabi.org/cpc/datasheet/45157
Psittacula krameri,rose-ringed parakeet,Vertebrates,"CPC (Full) , ISC (Full)","Pest,Natural Enemy",Eukaryota,Metazoa,Chordata,Aves,Psittaciformes,Psittacidae,,no data,no data,https://www.cabi.org/cpc/datasheet/45158; https://www.cabi.org/isc/datasheet/45158
Psittacula longicauda,long-tailed parakeet,Vertebrates,"CPC (Basic) , ISC (Basic)","Pest,Natural Enemy",Eukaryota,Metazoa,Chordata,Aves,Psittaciformes,Psittacidae,no data,no data,no data,https://www.cabi.org/cpc/datasheet/45159
Psittacula roseata,blossom-headed parakeet,Vertebrates,"CPC (Basic) , ISC (Basic)","Pest,Natural Enemy",Eukaryota,Metazoa,Chordata,Aves,Psittaciformes,Psittacidae,no data,no data,no data,https://www.cabi.org/cpc/datasheet/45160
Psittacus erithacus,African grey parrot,Vertebrates,ISC (Full),"Documented Species,Host Animal",Eukaryota,Metazoa,Chordata,Aves,Psittaciformes,Psittacidae,,no data,,https://www.cabi.org/isc/datasheet/67079
Psittinus cyanurus,little Malay parrot,Vertebrates,"CPC (Basic) , ISC (Basic)","Pest,Natural Enemy",Eukaryota,Metazoa,Chordata,Aves,Psittaciformes,Psittacidae,no data,no data,no data,https://www.cabi.org/cpc/datasheet/67074
Pterois miles,lionfish,Vertebrates,ISC (Basic),Invasive Species,Eukaryota,Metazoa,Chordata,Actinopterygii,Scorpaeniformes,Scorpaenidae,no data,no data,no data,https://www.cabi.org/isc/datasheet/116588
Pterygoplichthys anisitsi,southern sailfin catfish,Vertebrates,ISC (Basic),Invasive Species,Eukaryota,Metazoa,Chordata,Actinopterygii,Siluriformes,Loricariidae,no data,no data,no data,https://www.cabi.org/isc/datasheet/116593
Pterygoplichthys multiradiatus,Orinoco sailfin catfish,Vertebrates,ISC (Basic),Invasive Species,Eukaryota,Metazoa,Chordata,Actinopterygii,Siluriformes,Loricariidae,no data,no data,no data,https://www.cabi.org/isc/datasheet/116595
Pterygoplichthys pardalis,Amazon sailfin catfish,Vertebrates,ISC (Basic),Invasive Species,Eukaryota,Metazoa,Chordata,Actinopterygii,Siluriformes,Loricariidae,no data,no data,no data,https://www.cabi.org/isc/datasheet/116596
Pycnonotus cafer,red-vented bulbul,Vertebrates,"CPC (Full) , ISC (Full)","Invasive Species,Vector of Plant Pest,Natural Enemy,Host Animal",Eukaryota,Metazoa,Chordata,Aves,Passeriformes,Pycnonotidae,,no data,no data,https://www.cabi.org/cpc/datasheet/45977; https://www.cabi.org/isc/datasheet/45977
Pygoplites diacanthus,regal angelfish,Vertebrates,ISC (Basic),Invasive Species,Eukaryota,Metazoa,Chordata,Actinopterygii,Perciformes,Pomacanthidae,no data,no data,no data,https://www.cabi.org/isc/datasheet/116638
Pylodictis olivaris,flathead catfish,Vertebrates,"CPC (Full) , ISC (Full)","Invasive Species,Natural Enemy",Eukaryota,Metazoa,Chordata,Actinopterygii,Siluriformes,Ictaluridae,,no data,no data,https://www.cabi.org/cpc/datasheet/67542; https://www.cabi.org/isc/datasheet/67542
Python molurus bivittatus,Burmese python,Vertebrates,ISC (Full),"Invasive Species,Host Animal",Eukaryota,Metazoa,Chordata,Reptilia,Serpentes,Boidae,,no data,no data,https://www.cabi.org/isc/datasheet/66412
Quelea quelea,weaver bird,Vertebrates,"CPC (Full) , ISC (Full)",Pest,Eukaryota,Metazoa,Chordata,Aves,Passeriformes,Ploceidae,,no data,no data,https://www.cabi.org/cpc/datasheet/66441; https://www.cabi.org/isc/datasheet/66441
Quiscalus lugubris,Carib grackle,Vertebrates,"CPC (Basic) , ISC (Basic)","Invasive Species,Natural Enemy,Host Animal",Eukaryota,Metazoa,Chordata,Aves,Passeriformes,Icteridae,no data,no data,no data,https://www.cabi.org/cpc/datasheet/66447; https://www.cabi.org/isc/datasheet/66447
Rachycentron canadum,cobia,Vertebrates,ISC (Basic),"Invasive Species,Host Animal",Eukaryota,Metazoa,Chordata,Actinopterygii,Perciformes,Rachycentridae,no data,no data,no data,https://www.cabi.org/isc/datasheet/66460
Rana catesbeiana,American bullfrog,Vertebrates,"CPC (Full) , ISC (Full)","Invasive Species,Natural Enemy",Eukaryota,Metazoa,Chordata,Amphibia,Anura,Ranidae,,no data,,https://www.cabi.org/cpc/datasheet/66618; https://www.cabi.org/isc/datasheet/66618
Rangifer tarandus,reindeer,Vertebrates,ISC (Basic),"Invasive Species,Threatened Species,Host Animal",Eukaryota,Metazoa,Chordata,Mammalia,Artiodactyla,Cervidae,no data,no data,no data,https://www.cabi.org/isc/datasheet/66662
Rattus argentiventer,rice field rat,Vertebrates,"CPC (Full) , ISC (Basic)","Pest,Natural Enemy",Eukaryota,Metazoa,Chordata,Mammalia,Rodentia,Muridae,no data,no data,no data,https://www.cabi.org/cpc/datasheet/46833
Rattus exulans,Pacific rat,Vertebrates,"CPC (Full) , ISC (Full)",Pest,Eukaryota,Metazoa,Chordata,Mammalia,Rodentia,Muridae,no data,no data,no data,https://www.cabi.org/cpc/datasheet/46834; https://www.cabi.org/isc/datasheet/46834
Rattus rattus diardii,Malaysian house rat,Vertebrates,"CPC (Full) , ISC (Basic)","Pest,Natural Enemy",Eukaryota,Metazoa,Chordata,Mammalia,Rodentia,Muridae,no data,no data,no data,https://www.cabi.org/cpc/datasheet/46828
Rattus rattus mindanensis,common Philippine field rat,Vertebrates,"CPC (Full) , ISC (Basic)",Pest,Eukaryota,Metazoa,Chordata,Mammalia,Rodentia,Muridae,no data,no data,no data,https://www.cabi.org/cpc/datasheet/46830
Rattus tiomanicus,malayan (or Malaysian) wood rat,Vertebrates,"CPC (Full) , ISC (Basic)","Pest,Natural Enemy",Eukaryota,Metazoa,Chordata,Mammalia,Rodentia,Muridae,no data,no data,no data,https://www.cabi.org/cpc/datasheet/46832
Rhinecanthus aculeatus,lagoon triggerfish,Vertebrates,ISC (Basic),Invasive Species,Eukaryota,Metazoa,Chordata,Actinopterygii,Tetraodontiformes,Balistidae,no data,no data,no data,https://www.cabi.org/isc/datasheet/116706
Rhinecanthus verrucosus,bursa triggerfish,Vertebrates,ISC (Basic),Invasive Species,Eukaryota,Metazoa,Chordata,Actinopterygii,Tetraodontiformes,Balistidae,no data,no data,no data,https://www.cabi.org/isc/datasheet/116707
Rhinoclemmys pulcherrima,painted wood turtle,Vertebrates,ISC (Basic),Invasive Species,Eukaryota,Metazoa,Chordata,Reptilia,Testudines,Emydidae,no data,no data,no data,https://www.cabi.org/isc/datasheet/116711
Rhinogobius brunneus,Amur goby,Vertebrates,ISC (Basic),Invasive Species,Eukaryota,Metazoa,Chordata,Actinopterygii,Perciformes,Gobiidae,no data,no data,no data,https://www.cabi.org/isc/datasheet/116712
Rhodeus ocellatus ocellatus,rosy bitterling,Vertebrates,ISC (Full),Invasive Species,Eukaryota,Metazoa,Chordata,Actinopterygii,Cypriniformes,Cyprinidae,,no data,,https://www.cabi.org/isc/datasheet/66070
Rivulus hartii,giant rivulus,Vertebrates,ISC (Basic),Invasive Species,Eukaryota,Metazoa,Chordata,Actinopterygii,Cyprinodontiformes,Aplocheilidae,no data,no data,no data,https://www.cabi.org/isc/datasheet/116744
Rugosa rugosa,wrinkled frog,Vertebrates,ISC (Full),Documented Species,Eukaryota,Metazoa,Chordata,Amphibia,Anura,Ranidae,,no data,,https://www.cabi.org/isc/datasheet/121512
Rusa marianna,Philippine deer,Vertebrates,ISC (Full),"Invasive Species,Host Animal",Eukaryota,Metazoa,Chordata,Mammalia,Artiodactyla,Cervidae,,no data,,https://www.cabi.org/isc/datasheet/89935
Rutilus rutilus,roach,Vertebrates,"CPC (Full) , ISC (Full)","Invasive Species,Natural Enemy,Host Animal",Eukaryota,Metazoa,Chordata,Actinopterygii,Cypriniformes,Cyprinidae,no data,no data,,https://www.cabi.org/cpc/datasheet/66337; https://www.cabi.org/isc/datasheet/66337
Salmo salar,Atlantic salmon,Vertebrates,"CPC (Full) , ISC (Full)","Invasive Species,Threatened Species,Natural Enemy,Host Animal",Eukaryota,Metazoa,Chordata,Actinopterygii,Salmoniformes,Salmonidae,,no data,,https://www.cabi.org/cpc/datasheet/65307; https://www.cabi.org/isc/datasheet/65307
Salmo trutta,sea trout,Vertebrates,"CPC (Full) , ISC (Full)","Invasive Species,Natural Enemy,Host Animal",Eukaryota,Metazoa,Chordata,Actinopterygii,Salmoniformes,Salmonidae,no data,no data,no data,https://www.cabi.org/cpc/datasheet/65308; https://www.cabi.org/isc/datasheet/65308
Salvelinus fontinalis,brook trout,Vertebrates,"CPC (Full) , ISC (Full)","Invasive Species,Natural Enemy,Host Animal",Eukaryota,Metazoa,Chordata,Actinopterygii,Salmoniformes,Salmonidae,,no data,,https://www.cabi.org/cpc/datasheet/65325; https://www.cabi.org/isc/datasheet/65325
Sander lucioperca,pike-perch,Vertebrates,"CPC (Full) , ISC (Full)","Invasive Species,Natural Enemy,Host Animal",Eukaryota,Metazoa,Chordata,Actinopterygii,Perciformes,Percidae,,no data,,https://www.cabi.org/cpc/datasheet/65338; https://www.cabi.org/isc/datasheet/65338
Sander vitreus,walleye,Vertebrates,"CPC (Full) , ISC (Full)","Invasive Species,Natural Enemy,Host Animal",Eukaryota,Metazoa,Chordata,Actinopterygii,Perciformes,Percidae,,no data,,https://www.cabi.org/cpc/datasheet/65339; https://www.cabi.org/isc/datasheet/65339
Sardinella marquesensis,Marquesan sardine,Vertebrates,ISC (Basic),Invasive Species,Eukaryota,Metazoa,Chordata,Actinopterygii,Clupeiformes,Clupeidae,no data,no data,no data,https://www.cabi.org/isc/datasheet/116912
Sarotherodon galilaeus,mango tilapia,Vertebrates,ISC (Full),"Invasive Species,Host Animal",Eukaryota,Metazoa,Chordata,Actinopterygii,Perciformes,Cichlidae,no data,no data,no data,https://www.cabi.org/isc/datasheet/65484
Scardinius erythrophthalmus,rudd,Vertebrates,ISC (Full),"Invasive Species,Threatened Species,Host Animal",Eukaryota,Metazoa,Chordata,Actinopterygii,Cypriniformes,Cyprinidae,,no data,,https://www.cabi.org/isc/datasheet/65689
Schilbe mystus,African butter catfish,Vertebrates,ISC (Full),Invasive Species,Eukaryota,Metazoa,Chordata,Actinopterygii,Siluriformes,Schilbeidae,,no data,no data,https://www.cabi.org/isc/datasheet/120107
Sciaenops ocellatus,red drum,Vertebrates,"CPC (Full) , ISC (Full)","Invasive Species,Natural Enemy,Host Animal",Eukaryota,Metazoa,Chordata,Actinopterygii,Perciformes,Sciaenidae,,no data,,https://www.cabi.org/cpc/datasheet/64720; https://www.cabi.org/isc/datasheet/64720
Scinax rubra,,Vertebrates,ISC (Basic),Invasive Species,Eukaryota,Metazoa,Chordata,Amphibia,Anura,Hylidae,no data,no data,no data,https://www.cabi.org/isc/datasheet/116975
Sciurus aberti,Abert's squirrel,Vertebrates,ISC (Full),"Invasive Species,Threatened Species,Host Animal",Eukaryota,Metazoa,Chordata,Mammalia,Rodentia,Sciuridae,,no data,,https://www.cabi.org/isc/datasheet/64725
Sciurus carolinensis,grey squirrel,Vertebrates,"CPC (Full) , ISC (Full)","Invasive Species,Natural Enemy,Host Animal",Eukaryota,Metazoa,Chordata,Mammalia,Rodentia,Sciuridae,,no data,no data,https://www.cabi.org/cpc/datasheet/49075; https://www.cabi.org/isc/datasheet/49075
Sciurus niger,fox squirrel,Vertebrates,ISC (Full),"Invasive Species,Host Animal",Eukaryota,Metazoa,Chordata,Mammalia,Rodentia,Sciuridae,,no data,no data,https://www.cabi.org/isc/datasheet/64742
Sigmodon,field rat,Vertebrates,"CPC (Basic) , ISC (Basic)",Pest,Eukaryota,Metazoa,Chordata,Mammalia,Rodentia,Muridae,no data,no data,no data,https://www.cabi.org/cpc/datasheet/50010
Sigmodon hispidus,hispid cotton rat,Vertebrates,"CPC (Full) , ISC (Basic)",Pest,Eukaryota,Metazoa,Chordata,Mammalia,Rodentia,Muridae,no data,no data,no data,https://www.cabi.org/cpc/datasheet/50012
Silurus asotus,Amur catfish,Vertebrates,"CPC (Full) , ISC (Full)","Invasive Species,Natural Enemy,Host Animal",Eukaryota,Metazoa,Chordata,Actinopterygii,Siluriformes,Siluridae,,no data,,https://www.cabi.org/cpc/datasheet/64278; https://www.cabi.org/isc/datasheet/64278
Silurus glanis,wels catfish,Vertebrates,"CPC (Full) , ISC (Full)","Invasive Species,Natural Enemy,Host Animal",Eukaryota,Metazoa,Chordata,Actinopterygii,Siluriformes,Siluridae,,no data,,https://www.cabi.org/cpc/datasheet/64279; https://www.cabi.org/isc/datasheet/64279
Simpsonichthys whitei,Rio pearlfish,Vertebrates,ISC (Basic),Invasive Species,Eukaryota,Metazoa,Chordata,Actinopterygii,Cyprinodontiformes,Rivulidae,no data,no data,no data,https://www.cabi.org/isc/datasheet/117176
Sorubimichthys planiceps,firewood catfish,Vertebrates,ISC (Basic),Invasive Species,Eukaryota,Metazoa,Chordata,Actinopterygii,Siluriformes,Pimelodidae,no data,no data,no data,https://www.cabi.org/isc/datasheet/117266
Sturnus vulgaris,common starling,Vertebrates,"CPC (Full) , ISC (Full)","Invasive Species,Natural Enemy,Host Animal",Eukaryota,Metazoa,Chordata,Aves,Passeriformes,Sturnidae,,no data,no data,https://www.cabi.org/cpc/datasheet/51979; https://www.cabi.org/isc/datasheet/51979
Suncus murinus,Asian house shrew,Vertebrates,"CPC (Full) , ISC (Full)","Invasive Species,Natural Enemy,Host Animal",Eukaryota,Metazoa,Chordata,Mammalia,Insectivora,Soricidae,,no data,,https://www.cabi.org/cpc/datasheet/62382; https://www.cabi.org/isc/datasheet/62382
Sus scrofa [ISC],feral pig,Vertebrates,ISC (Full),Invasive Species,Eukaryota,Metazoa,Chordata,Mammalia,Artiodactyla,Suidae,,no data,no data,https://www.cabi.org/isc/datasheet/119688
Tamias sibiricus,Siberian chipmunk,Vertebrates,ISC (Full),"Invasive Species,Host Animal",Eukaryota,Metazoa,Chordata,Mammalia,Rodentia,Sciuridae,,no data,no data,https://www.cabi.org/isc/datasheet/62788
Tanichthys albonubes,white cloud mountain minnow,Vertebrates,ISC (Basic),Invasive Species,Eukaryota,Metazoa,Chordata,Actinopterygii,Cypriniformes,Cyprinidae,no data,no data,no data,https://www.cabi.org/isc/datasheet/117431
Telmatochromis bifrenatus,Lake Tanganyika dwarf cichlid,Vertebrates,ISC (Basic),Invasive Species,Eukaryota,Metazoa,Chordata,Actinopterygii,Perciformes,Cichlidae,no data,no data,no data,https://www.cabi.org/isc/datasheet/117447
Tetraodon nigroviridis,spotted green pufferfish,Vertebrates,ISC (Basic),Invasive Species,Eukaryota,Metazoa,Chordata,Actinopterygii,Tetraodontiformes,Tetraodontidae,no data,no data,no data,https://www.cabi.org/isc/datasheet/117473
Thorichthys ellioti,,Vertebrates,ISC (Basic),Invasive Species,Eukaryota,Metazoa,Chordata,Actinopterygii,Perciformes,Cichlidae,no data,no data,no data,https://www.cabi.org/isc/datasheet/117521
Thorichthys meeki,firemouth cichlid,Vertebrates,ISC (Full),Invasive Species,Eukaryota,Metazoa,Chordata,Actinopterygii,Perciformes,Cichlidae,,no data,,https://www.cabi.org/isc/datasheet/121019
Threskiornis aethiopicus,sacred ibis,Vertebrates,ISC (Full),Invasive Species,Eukaryota,Metazoa,Chordata,Aves,Ciconiiformes,Threskiornithidae,,no data,no data,https://www.cabi.org/isc/datasheet/62201
Tilapia buttikoferi,zebra tilapia,Vertebrates,ISC (Basic),Invasive Species,Eukaryota,Metazoa,Chordata,Actinopterygii,Perciformes,Cichlidae,no data,no data,no data,https://www.cabi.org/isc/datasheet/117535
Tilapia mariae,spotted tilapia,Vertebrates,ISC (Full),Invasive Species,Eukaryota,Metazoa,Chordata,Actinopterygii,Perciformes,Cichlidae,,no data,no data,https://www.cabi.org/isc/datasheet/109161
Tilapia zillii,redbelly tilapia,Vertebrates,ISC (Full),"Invasive Species,Host Animal",Eukaryota,Metazoa,Chordata,Actinopterygii,Perciformes,Cichlidae,,no data,,https://www.cabi.org/isc/datasheet/61147
Tinca tinca,tench,Vertebrates,ISC (Full),"Invasive Species,Host Animal",Eukaryota,Metazoa,Chordata,Actinopterygii,Cypriniformes,Cyprinidae,no data,no data,no data,https://www.cabi.org/isc/datasheet/61160
Trachemys callirostris,South American red-lined turtle,Vertebrates,ISC (Basic),Invasive Species,Eukaryota,Metazoa,Chordata,Reptilia,Testudines,Emydidae,no data,no data,no data,https://www.cabi.org/isc/datasheet/117567
Trachemys dorbigni,Brazilian slider,Vertebrates,ISC (Basic),Invasive Species,Eukaryota,Metazoa,Chordata,Reptilia,Testudines,Emydidae,no data,no data,no data,https://www.cabi.org/isc/datasheet/117568
Trichogaster leerii,pearl gourami,Vertebrates,ISC (Basic),Invasive Species,Eukaryota,Metazoa,Chordata,Actinopterygii,Perciformes,Belontiidae,no data,no data,no data,https://www.cabi.org/isc/datasheet/117591
Trichopsis vittata,croaking gourami,Vertebrates,ISC (Basic),Invasive Species,Eukaryota,Metazoa,Chordata,Actinopterygii,Perciformes,Belontiidae,no data,no data,no data,https://www.cabi.org/isc/datasheet/117593
Trichosurus vulpecula,brushtail possum,Vertebrates,"CPC (Full) , ISC (Full)","Invasive Species,Vector of Plant Pest,Natural Enemy,Host Animal",Eukaryota,Metazoa,Chordata,Mammalia,Marsupalia,Phalangeridae,,no data,no data,https://www.cabi.org/cpc/datasheet/61405; https://www.cabi.org/isc/datasheet/61405
Tridentiger barbatus,Shokihaze goby,Vertebrates,ISC (Basic),Invasive Species,Eukaryota,Metazoa,Chordata,Actinopterygii,Perciformes,Gobiidae,no data,no data,no data,https://www.cabi.org/isc/datasheet/117601
Trioceros jacksonii,Jackson’s chameleon,Vertebrates,ISC (Full),Invasive Species,Eukaryota,Metazoa,Chordata,Reptilia,Squamata,,,no data,,https://www.cabi.org/isc/datasheet/120726
Tupinambis merianae,black and white tegu,Vertebrates,ISC (Basic),Invasive Species,Eukaryota,Metazoa,Chordata,Reptilia,Sauria,Teiidae,no data,no data,no data,https://www.cabi.org/isc/datasheet/117693
Tupinambis teguixin,golden tegu,Vertebrates,ISC (Basic),Invasive Species,Eukaryota,Metazoa,Chordata,Reptilia,Sauria,Teiidae,no data,no data,no data,https://www.cabi.org/isc/datasheet/117694
Umbra pygmaea,eastern mudminnow,Vertebrates,ISC (Full),Invasive Species,Eukaryota,Metazoa,Chordata,Actinopterygii Umbra pygmaea,Esociformes,Umbridae,,no data,,https://www.cabi.org/isc/datasheet/59964
Upeneus vittatus,bandedtail goatfish,Vertebrates,ISC (Basic),Invasive Species,Eukaryota,Metazoa,Chordata,Actinopterygii,Perciformes,Mullidae,no data,no data,no data,https://www.cabi.org/isc/datasheet/117725
Valamugil engeli,kanda,Vertebrates,ISC (Basic),Invasive Species,Eukaryota,Metazoa,Chordata,Actinopterygii,Perciformes,Mugilidae,no data,no data,no data,https://www.cabi.org/isc/datasheet/117750
Varanus indicus,ambon lizard,Vertebrates,ISC (Full),Invasive Species,Eukaryota,Metazoa,Chordata,Reptilia,Sauria,Varanidae,,no data,no data,https://www.cabi.org/isc/datasheet/60303
Varanus niloticus,Nile monitor,Vertebrates,ISC (Full),"Invasive Species,Host Animal",Eukaryota,Metazoa,Chordata,Reptilia,Sauria,Varanidae,,no data,,https://www.cabi.org/isc/datasheet/60306
Vieja synspila,quetzal cichlid,Vertebrates,ISC (Basic),Invasive Species,Eukaryota,Metazoa,Chordata,Actinopterygii,Perciformes,Cichlidae,no data,no data,no data,https://www.cabi.org/isc/datasheet/117853
Vulpes vulpes,red fox,Vertebrates,"CPC (Full) , ISC (Full)","Invasive Species,Natural Enemy,Host Animal",Eukaryota,Metazoa,Chordata,Mammalia,Carnivora,Canidae,,no data,no data,https://www.cabi.org/cpc/datasheet/59487; https://www.cabi.org/isc/datasheet/59487
Xenentodon cancila,Asian needlefish,Vertebrates,ISC (Basic),Invasive Species,Eukaryota,Metazoa,Chordata,Actinopterygii,Beloniformes,Belonidae,no data,no data,no data,https://www.cabi.org/isc/datasheet/117906
Xenopus laevis,African clawed frog,Vertebrates,ISC (Full),"Invasive Species,Host Animal",Eukaryota,Metazoa,Chordata,Amphibia,Anura,Pipidae,,no data,,https://www.cabi.org/isc/datasheet/59708
Xiphophorus hellerii,,Vertebrates,ISC (Full),Invasive Species,Eukaryota,Metazoa,Chordata,Actinopterygii,Cyprinodontiformes,Poeciliidae,,no data,,https://www.cabi.org/isc/datasheet/59751
Xiphophorus maculatus,southern platyfish,Vertebrates,ISC (Full),"Invasive Species,Host Animal",Eukaryota,Metazoa,Chordata,Actinopterygii,Cyprinodontiformes,Poeciliidae,,no data,,https://www.cabi.org/isc/datasheet/59752
Zebrasoma desjardinii,sailfin tang,Vertebrates,ISC (Basic),Invasive Species,Eukaryota,Metazoa,Chordata,Actinopterygii,Perciformes,Acanthuridae,no data,no data,no data,https://www.cabi.org/isc/datasheet/117929
Zebrasoma scopas,brown tang,Vertebrates,ISC (Basic),Invasive Species,Eukaryota,Metazoa,Chordata,Actinopterygii,Perciformes,Acanthuridae,no data,no data,no data,https://www.cabi.org/isc/datasheet/117930
Zebrasoma veliferum,sailfin tang,Vertebrates,ISC (Basic),Invasive Species,Eukaryota,Metazoa,Chordata,Actinopterygii,Perciformes,Acanthuridae,no data,no data,no data,https://www.cabi.org/isc/datasheet/117931
Zebrasoma xanthurum,yellowtail tang,Vertebrates,ISC (Basic),Invasive Species,Eukaryota,Metazoa,Chordata,Actinopterygii,Perciformes,Acanthuridae,no data,no data,no data,https://www.cabi.org/isc/datasheet/117932
Zosterops japonicus,Japanese white-eye,Vertebrates,ISC (Full),"Invasive Species,Host Animal",Eukaryota,Metazoa,Chordata,Aves,Passeriformes,Zosteropidae,,no data,no data,https://www.cabi.org/isc/datasheet/59188
